year,month,day,station_id
2022,5,24,TCVG
2022,1,13,KSFX
2022,7,31,TCLT
2023,10,3,KLIX
2023,5,2,KBUF
2023,10,5,KBBX
2022,8,18,KCLE
2023,11,17,KMQT
2022,11,28,KCRP
2023,3,17,KLWX
2022,8,1,KATX
2022,2,22,KMAF
2023,2,3,KBHX
2023,8,21,KAMX
2022,9,20,TDEN
2022,5,13,KFSX
2022,9,30,RKSG
2022,4,6,KMRX
2023,2,21,KBHX
2023,8,6,KEOX
2022,12,29,KTYX
2023,4,19,TBNA
2022,9,31,KTLH
2023,8,8,KPUX
2022,6,7,PACG
2023,3,24,TSJU
2023,4,9,KHDX
2022,12,25,TRDU
2023,1,13,KSFX
2022,8,24,KFSX
2022,3,28,THOU
2023,1,23,KEWX
2023,6,1,KMLB
2023,3,10,KHNX
2022,2,8,TJFK
2023,1,31,KFFC
2022,8,11,KFWS
2022,9,4,TMSY
2023,4,7,KFSX
2023,9,21,KAMX
2023,12,24,KNQA
2023,1,5,KARX
2023,4,21,TDCA
2022,3,8,KFCX
2023,9,13,KBRO
2022,1,29,KHDX
2022,6,15,TTPA
2023,4,23,KLNX
2022,1,21,KOAX
2022,11,12,TEWR
2023,12,12,KMLB
2022,10,14,KSGF
2023,5,9,KABR
2023,6,30,KSFX
2023,4,24,KHNX
2023,1,3,KLCH
2022,4,4,KEWX
2022,10,27,LPLA
2023,9,21,KFSD
2022,7,13,KRTX
2023,1,25,TCVG
2022,2,16,KPUX
2023,7,5,TSJU
2022,9,24,KIND
2023,9,4,KGLD
2023,3,15,KLCH
2023,6,19,KRGX
2023,12,21,TMDW
2022,7,4,KMPX
2022,3,3,PABC
2022,8,4,KMVX
2023,3,14,KRAX
2023,5,11,KGRR
2023,9,8,KUEX
2023,7,9,KDVN
2023,2,23,KJKL
2023,10,14,KIWX
2023,10,12,TSLC
2022,6,9,KGLD
2022,12,11,KESX
2023,3,3,KBIS
2022,7,8,TBNA
2022,5,9,KDOX
2022,11,18,KVBX
2022,1,21,KTFX
2023,4,31,TPHX
2022,9,28,TJRV
2023,11,27,KCBX
2022,12,21,KEWX
2022,1,14,KNKX
2023,12,10,TSTL
2023,6,4,KMBX
2023,10,16,KPDT
2023,9,10,KSRX
2023,11,12,KLRX
2022,11,25,KCBX
2023,8,9,KFDX
2022,7,1,TDEN
2023,11,27,KCLE
2023,11,11,KGJX
2023,5,5,TDEN
2023,7,10,TDFW
2023,10,21,KSHV
2022,12,18,TDCA
2022,5,15,KHGX
2023,12,20,TDEN
2023,11,9,KCRI
2023,1,24,KAMA
2023,8,22,KHGX
2022,1,6,TCMH
2023,7,29,TCVG
2023,10,15,TLAS
2022,2,28,KEWX
2023,8,8,KLBB
2023,9,28,KTLH
2022,7,23,TJBQ
2023,6,26,KHNX
2022,12,16,KESX
2022,5,27,KEOX
2022,4,8,KBLX
2023,12,15,KLWX
2023,3,13,TJFK
2022,6,12,KLWX
2023,7,21,TPHX
2023,11,17,LPLA
2023,8,22,KDAX
2023,6,15,TIAH
2023,8,16,KRAX
2023,4,8,KDYX
2023,11,12,TSTL
2022,7,1,TPHX
2023,12,22,TIDS
2022,2,20,PAPD
2023,6,4,KCYS
2022,5,27,KMOB
2023,5,28,KBMX
2022,12,20,TSTL
2022,7,13,TMSP
2022,12,24,TLVE
2022,3,31,TICH
2022,9,25,KDYX
2023,3,13,KMRX
2022,2,1,KMXX
2022,11,31,TDEN
2022,8,22,KMQT
2022,2,23,KGWX
2023,11,6,TMEM
2023,2,3,TMKE
2023,12,25,TRDU
2022,1,30,KDIX
2023,10,6,KOTX
2022,3,14,TMDW
2023,5,15,KEVX
2023,12,3,TBWI
2022,3,2,KEPZ
2023,10,6,TMEM
2022,7,11,PHKM
2023,9,8,KBMX
2023,8,4,KLBB
2023,1,21,KAMX
2023,11,8,TMCO
2023,3,17,KEOX
2023,3,3,KARX
2022,5,5,TDFW
2023,3,6,TJFK
2023,9,1,KVWX
2023,9,10,KLSX
2023,7,20,KARX
2022,6,12,KIND
2023,7,29,KJGX
2022,7,20,TIAD
2022,3,9,KSHV
2023,2,12,KLRX
2022,12,6,KOAX
2022,12,2,KABR
2022,1,12,KNQA
2022,2,22,TADW
2023,11,30,KNKX
2022,1,31,KHTX
2023,5,28,TATL
2023,6,14,KDGX
2023,4,3,KMHX
2023,1,3,KLRX
2022,4,21,TMCO
2023,9,31,KHGX
2022,8,19,KEMX
2022,10,17,PGUA
2023,7,3,LPLA
2022,6,1,TJFK
2023,5,29,KAMX
2022,7,6,KEPZ
2022,2,13,KENX
2023,5,3,PHKM
2022,5,4,KOAX
2022,8,14,TMCI
2023,10,15,KPBZ
2022,12,27,KLSX
2022,2,1,TLVE
2023,7,18,RKJK
2022,7,12,KRAX
2022,7,25,TPBI
2022,1,20,KDYX
2022,3,22,KMTX
2023,2,13,RODN
2022,4,28,TPIT
2022,3,25,KUDX
2022,10,7,TMIA
2023,2,26,LPLA
2023,7,20,KRGX
2022,2,30,KGSP
2023,8,24,KMXX
2023,6,1,KUEX
2022,12,29,KCCX
2022,5,2,KILX
2023,1,22,TRDU
2023,5,14,KPOE
2022,9,10,KEAX
2023,10,16,KYUX
2022,5,14,TMDW
2023,2,13,KMVX
2022,7,6,KMVX
2023,12,10,KDIX
2023,1,27,TORD
2022,11,24,KBOX
2022,6,15,TBOS
2023,2,5,KDFX
2022,11,11,KEWX
2023,2,11,KTFX
2023,6,21,KLOT
2023,6,13,KSGF
2022,12,20,KTLX
2023,7,21,TDAY
2023,8,31,TDAY
2023,1,25,KMAF
2022,1,12,KMLB
2022,1,11,KBOX
2022,7,5,KPAH
2022,6,27,KIND
2023,8,10,KEPZ
2022,9,1,KEOX
2022,10,6,KFSX
2023,6,18,TTPA
2022,7,27,KYUX
2022,1,16,KSRX
2022,8,13,KCBW
2023,1,30,KABX
2022,10,8,PAPD
2022,10,2,KARX
2022,11,16,KEYX
2023,3,6,KPBZ
2022,8,9,KARX
2023,12,8,KLRX
2023,1,15,KBHX
2022,6,26,KENX
2023,8,27,KOTX
2023,5,8,KUEX
2022,10,11,KBHX
2023,12,23,TOKC
2023,3,10,KESX
2022,12,28,KTBW
2022,1,29,KVAX
2022,3,17,KLRX
2023,11,20,RKSG
2023,3,30,KRLX
2022,7,11,TMSP
2023,10,8,TPBI
2023,10,27,KHDX
2022,3,30,KNQA
2023,12,14,KLOT
2023,12,31,KCLE
2022,2,13,KICT
2023,1,15,KYUX
2023,8,17,KNQA
2022,2,18,KGWX
2022,8,23,KENX
2023,7,19,KBOX
2022,11,20,TORD
2023,3,7,KHGX
2022,12,11,TTUL
2022,6,24,PHKI
2022,5,17,KLOT
2022,11,27,TMKE
2022,2,14,TCLT
2022,3,6,KPBZ
2023,5,18,KPAH
2023,3,4,KSRX
2022,4,9,KOUN
2022,7,1,PACG
2023,10,23,KJAX
2022,12,23,KBUF
2022,3,14,KCYS
2023,4,28,PHKI
2022,2,24,TDEN
2022,2,29,KLOT
2023,2,21,KDIX
2023,4,21,KSFX
2023,11,18,KBRO
2023,1,31,TPIT
2023,7,22,KCAE
2023,4,17,KEVX
2022,5,16,KARX
2022,8,23,PHWA
2023,3,1,KSJT
2022,8,29,KEOX
2022,4,3,KCYS
2022,1,12,KDDC
2022,10,2,KINX
2022,6,25,RKJK
2022,12,12,TICH
2022,6,25,KCBW
2023,9,12,KTBW
2022,1,4,TMSP
2023,12,28,KHDX
2023,10,19,KMXX
2022,7,25,TMDW
2022,10,11,KVWX
2022,12,29,KATX
2022,4,26,KGLD
2022,2,28,RKJK
2023,3,26,TDCA
2022,12,12,KLIX
2023,10,12,KVWX
2023,3,18,KFCX
2023,9,17,KFDR
2023,3,4,KFTG
2023,3,27,KBLX
2022,4,6,TPIT
2022,11,25,KOTX
2022,4,7,TDAY
2023,12,21,KFSX
2022,12,26,TTPA
2023,9,26,TMSY
2023,5,22,KTYX
2023,11,22,KHDX
2022,9,21,TIAH
2023,12,7,KGLD
2023,3,6,PAPD
2023,8,30,TBNA
2023,7,30,KCYS
2023,6,16,KGJX
2023,4,26,TCVG
2023,10,2,KFWS
2022,3,23,KHGX
2023,4,6,KTBW
2023,8,21,KTYX
2023,12,22,KDTX
2023,12,31,TLVE
2022,5,15,KBOX
2022,6,21,KICT
2023,8,12,TCLT
2023,5,18,KMVX
2023,7,4,KMAF
2022,6,7,KCBX
2022,7,18,KFTG
2023,12,30,KVWX
2022,3,17,TADW
2023,7,11,KVWX
2022,6,31,KEYX
2023,9,6,KNKX
2022,3,28,KBYX
2022,5,23,KHPX
2023,7,3,KUDX
2022,11,1,PHKI
2023,1,4,KENX
2023,3,26,KRTX
2022,11,28,KIND
2023,8,3,KDDC
2023,10,10,KILX
2022,9,13,KMOB
2022,8,22,KCRP
2022,1,12,KHNX
2022,7,19,KPUX
2023,9,21,KUEX
2023,12,20,KJAX
2023,9,27,KCRI
2022,10,5,KDGX
2023,8,7,KMKX
2022,8,18,KEAX
2022,1,6,KFDR
2023,2,18,KICX
2022,12,4,KSJT
2023,9,13,TJRV
2023,8,15,TLAS
2023,1,26,KRTX
2023,6,14,TRDU
2022,8,5,KBYX
2022,1,8,KBLX
2023,10,24,TBOS
2022,12,19,KPDT
2023,2,31,KNKX
2022,8,31,KMAF
2023,7,18,KDDC
2022,9,8,TTPA
2022,12,20,KSRX
2022,11,3,KFDX
2023,3,25,PAPD
2023,4,9,TMSP
2023,10,20,PACG
2023,10,17,TDAY
2023,9,29,KDLH
2022,2,26,TJBQ
2022,3,5,KMAF
2023,10,23,KLGX
2022,4,14,TMEM
2022,3,15,TADW
2022,12,26,TTPA
2023,1,10,KGWX
2022,4,12,KUEX
2022,2,6,KJGX
2023,5,30,KGRB
2023,2,22,KFWS
2022,10,13,KARX
2023,1,14,KRLX
2023,4,4,KDTX
2022,3,6,KMQT
2022,6,29,KMTX
2022,1,25,KGLD
2023,4,11,KESX
2023,8,17,KEYX
2022,8,21,KEOX
2022,11,20,KENX
2023,4,28,KAKQ
2022,4,10,KVNX
2022,1,26,KEYX
2023,4,15,KDMX
2023,12,18,TIDS
2023,3,27,KBRO
2022,10,18,KUDX
2022,1,2,KCBX
2023,7,31,KGSP
2023,2,16,KRGX
2023,2,15,KLRX
2023,12,22,KHTX
2022,11,4,TCVG
2022,2,12,PACG
2023,6,24,KLRX
2023,3,14,TMSY
2023,2,13,TTUL
2023,1,24,TPBI
2023,10,13,KIND
2023,9,12,KCBX
2022,11,17,KLGX
2023,4,4,TDCA
2022,1,7,KBGM
2022,1,12,KATX
2023,8,26,KENX
2023,3,3,TMCO
2023,4,11,KILX
2023,5,19,KGWX
2023,12,9,KARX
2022,8,7,KTLX
2022,10,19,RKSG
2023,9,7,KLCH
2023,2,20,KJKL
2022,5,26,TMCI
2023,5,5,PABC
2022,4,19,KJKL
2022,4,9,TBWI
2023,1,4,RKSG
2022,2,23,KTFX
2022,8,27,KTFX
2023,1,22,TCVG
2022,5,11,KMAX
2023,10,24,KTWX
2022,8,13,KJAX
2022,11,19,KBHX
2022,4,8,KBHX
2022,6,20,KFFC
2022,10,13,KEYX
2023,9,22,KESX
2022,6,21,PGUA
2023,9,8,TBOS
2022,11,1,TTPA
2023,11,28,KMKX
2023,8,22,KICT
2023,2,18,KLWX
2023,11,24,KTWX
2023,2,11,KSHV
2023,3,15,TIAD
2023,10,11,KICT
2022,1,27,LPLA
2022,4,24,TSDF
2022,6,13,KESX
2023,11,4,PAPD
2022,8,26,TMCI
2023,4,20,TPIT
2022,3,1,KLWX
2023,8,11,TCLT
2022,3,17,KNKX
2023,1,31,PAIH
2023,12,12,KMBX
2023,10,11,KILN
2023,10,10,TATL
2023,1,26,KAMA
2022,6,14,RODN
2023,11,2,TFLL
2023,11,30,KDGX
2022,11,3,TJUA
2023,9,14,KABX
2022,4,6,PAIH
2023,4,4,KGLD
2023,3,14,KMQT
2023,3,12,KLWX
2022,8,22,TADW
2022,10,10,TMEM
2022,7,8,TMKE
2022,3,21,KVTX
2022,4,6,KAMA
2023,10,1,KDFX
2023,9,4,KVTX
2022,1,11,KGGW
2022,10,11,KDTX
2023,12,5,KVNX
2022,9,20,KTYX
2023,12,22,KFTG
2023,7,13,KAKQ
2023,6,1,TLVE
2022,6,1,KFFC
2023,4,23,TMSP
2023,3,27,KCAE
2023,10,20,KFSX
2023,10,26,KICT
2023,12,9,TJRV
2023,1,19,LPLA
2023,10,15,KYUX
2023,11,5,TMIA
2022,4,2,TOKC
2022,6,10,KATX
2023,2,4,KUDX
2022,9,3,KCAE
2022,3,12,KBRO
2022,10,10,RKSG
2022,9,7,KLGX
2022,8,7,TOKC
2022,11,14,KAKQ
2022,7,21,KPUX
2023,11,9,KLVX
2022,6,26,PACG
2022,4,2,KLGX
2023,9,8,KGRB
2022,12,5,KBLX
2022,5,17,TTUL
2022,11,7,KLGX
2023,9,28,TSLC
2023,6,22,KMLB
2022,7,26,KJGX
2023,11,24,KMKX
2023,11,21,KBRO
2023,9,16,KBHX
2022,8,24,TTPA
2023,6,19,TSJU
2022,7,17,KNQA
2023,11,10,TJRV
2023,2,31,TLAS
2022,7,5,KPBZ
2023,3,22,KGGW
2022,12,2,KAMX
2022,11,23,KOUN
2022,1,28,LPLA
2022,3,15,KBIS
2023,3,30,KGRB
2022,8,30,KIND
2023,11,27,KRAX
2022,12,20,KCCX
2023,9,14,THOU
2022,1,11,PAHG
2023,2,2,TLVE
2022,12,7,KPDT
2022,8,30,KOAX
2022,8,5,KTLX
2022,9,4,KAPX
2023,8,14,KFTG
2022,9,31,TDTW
2023,4,12,KPUX
2022,1,25,PABC
2023,8,25,KESX
2022,5,21,KTBW
2022,1,5,TIAH
2023,8,10,KJAX
2022,7,19,KMVX
2023,8,19,KYUX
2022,6,29,KLVX
2023,8,11,KDMX
2022,9,28,TOKC
2023,1,12,KABR
2023,10,21,KPDT
2023,4,23,THOU
2022,2,12,KTFX
2022,1,29,TMCO
2022,6,17,KSHV
2023,7,4,PAEC
2023,2,3,TIDS
2022,1,29,KLGX
2022,6,28,KTFX
2022,5,10,KCLE
2023,2,25,KDDC
2023,8,5,KDYX
2023,1,15,KMHX
2023,12,5,KAKQ
2022,10,10,KGLD
2023,12,17,RODN
2023,2,4,KDIX
2022,8,27,KIWX
2022,1,22,KILN
2022,1,27,PAHG
2023,7,28,KENX
2023,8,22,KFCX
2022,4,3,KBIS
2023,10,5,KFCX
2022,6,5,TPHX
2023,12,30,KSJT
2023,1,22,KUDX
2022,7,30,PAKC
2023,2,14,KOHX
2023,8,22,KMBX
2023,10,11,KMKX
2022,12,22,TDTW
2022,11,27,KAMX
2022,10,27,KVTX
2023,4,1,TICH
2023,2,15,KLGX
2022,7,7,KHDX
2023,12,21,KDVN
2023,12,16,KBYX
2022,5,10,KLCH
2022,4,14,TIDS
2022,4,18,TPBI
2022,5,4,TIDS
2022,5,17,KRIW
2023,11,1,TMSY
2023,7,2,KBOX
2023,9,14,KJAX
2022,2,8,KTLH
2023,9,5,KTBW
2023,9,20,TOKC
2023,6,3,KCXX
2023,9,4,KOHX
2022,9,10,TCVG
2023,11,29,KEPZ
2023,3,9,KEYX
2023,8,15,KICX
2023,3,26,KRAX
2023,7,8,KICT
2023,12,20,KESX
2023,4,27,PGUA
2022,5,7,KEPZ
2022,1,11,KUDX
2023,9,20,PAEC
2022,8,12,KSHV
2023,12,8,KLRX
2023,12,18,TIAH
2023,10,15,KHDX
2023,2,14,KEWX
2023,11,26,KDIX
2022,12,31,KPBZ
2023,12,6,KILX
2023,7,4,TPHX
2023,10,7,TMCI
2023,2,8,KBIS
2022,7,1,KBIS
2022,11,26,KEYX
2022,7,9,KILN
2023,10,29,TPHL
2023,4,6,KDAX
2022,10,24,TIAD
2023,1,9,KMLB
2023,2,5,KUEX
2023,1,13,KBUF
2022,4,12,KICX
2023,5,5,PABC
2022,3,11,KARX
2022,2,4,KDIX
2022,1,13,TCLT
2022,7,15,KMTX
2022,12,20,PABC
2023,9,18,KAKQ
2022,8,15,KJKL
2022,6,6,TPIT
2022,4,9,KHPX
2023,6,7,TSTL
2022,9,20,KLWX
2022,11,5,KDDC
2022,3,11,TIDS
2022,12,8,KOUN
2022,3,30,KDFX
2023,9,3,KOAX
2023,3,21,PHKM
2022,9,5,KESX
2022,4,17,KLWX
2022,3,7,KFWS
2022,8,1,KLSX
2022,1,17,KFSD
2022,3,3,KPAH
2023,3,17,KEWX
2023,3,25,KHNX
2023,5,1,KFTG
2023,4,9,KSFX
2022,6,6,KLCH
2023,9,30,KIWX
2023,3,12,KAPX
2023,2,27,RODN
2023,9,11,KGSP
2022,7,29,KLBB
2022,7,9,TDAY
2022,7,15,PACG
2023,12,30,TIAH
2022,9,15,KMAF
2022,3,28,TIAD
2023,11,27,KHNX
2023,8,30,KLZK
2022,1,3,KSJT
2022,6,16,PHKM
2023,1,17,KMTX
2022,2,29,KCRI
2022,5,19,TCVG
2022,6,12,KMLB
2022,5,11,KATX
2022,9,12,TSDF
2022,8,20,KMLB
2022,7,18,KGRK
2022,7,28,KMSX
2022,7,18,KDTX
2022,4,30,TJRV
2023,5,10,PHMO
2023,7,18,KFFC
2023,11,13,KGSP
2022,3,14,KCRP
2023,4,21,TJBQ
2023,9,28,KPBZ
2023,1,24,KIND
2023,2,13,KARX
2022,11,25,TPBI
2022,9,29,KEPZ
2022,4,6,KGRR
2022,8,26,KCBW
2022,11,29,KOTX
2022,2,19,KMAX
2022,11,22,KABR
2023,4,26,TMCO
2022,11,19,TDCA
2022,11,10,TCMH
2022,4,31,KPOE
2023,4,9,TMCI
2022,10,1,KICX
2023,4,21,TCVG
2023,1,25,KVNX
2022,10,23,KGRK
2023,5,22,RODN
2023,12,4,KGRB
2022,7,15,TSDF
2022,8,5,KBYX
2023,4,24,KDYX
2022,9,8,TCLT
2022,5,12,TMKE
2022,10,22,TORD
2022,3,9,KBOX
2022,9,2,TADW
2023,10,24,KGWX
2023,4,13,KOAX
2023,3,21,KEPZ
2022,4,9,KGLD
2023,7,25,KDLH
2023,3,15,TMEM
2023,8,1,KEYX
2022,9,3,KEYX
2022,4,2,KLNX
2023,7,14,KMHX
2022,2,19,TEWR
2023,2,24,KOTX
2022,11,11,TMCI
2023,5,8,KLIX
2022,7,21,KGLD
2022,10,14,TCLT
2023,5,5,TMDW
2022,9,20,KJGX
2022,6,29,KLGX
2022,9,2,KILN
2022,1,17,KOUN
2022,5,2,KEYX
2022,8,8,PAIH
2022,3,30,KJKL
2022,3,5,KFSD
2022,10,1,KESX
2023,2,17,TCMH
2023,11,1,TJFK
2023,7,26,KOKX
2023,7,5,KSHV
2023,9,14,PHMO
2022,4,11,KJAX
2023,10,2,KICX
2023,9,30,TJBQ
2022,4,5,PHMO
2022,6,19,KVTX
2022,7,6,KLOT
2023,1,24,KVBX
2023,9,10,KFSD
2023,12,21,KENX
2022,5,28,TCLT
2022,4,1,KIWX
2023,7,6,KRGX
2022,12,5,KATX
2022,8,25,KHTX
2022,7,21,KPAH
2022,3,30,KMVX
2022,4,22,KAMA
2022,6,12,PABC
2022,2,13,KHDX
2022,12,20,KMBX
2023,8,19,KMBX
2022,9,23,TTUL
2023,7,19,KCBW
2022,1,5,KGYX
2023,6,22,KBMX
2022,12,24,TJFK
2022,7,10,KCCX
2023,7,21,KCRI
2023,9,14,TCMH
2023,12,26,RODN
2022,1,13,KABR
2023,1,13,KBYX
2022,1,10,KRIW
2022,2,27,KDYX
2023,8,4,TICH
2023,7,12,KCYS
2022,8,15,KSJT
2022,6,30,KRIW
2023,7,9,KLRX
2022,10,12,KIWA
2022,10,24,KRAX
2022,2,11,KLVX
2023,7,20,KMPX
2022,4,30,TMSY
2023,4,16,KDFX
2023,1,7,KUEX
2023,6,1,KUEX
2022,1,17,KDDC
2022,8,27,KCBW
2023,8,15,KCBX
2022,12,14,KBBX
2022,9,1,KEMX
2023,6,2,TMEM
2023,1,13,KFCX
2022,2,6,KRAX
2023,9,14,KSRX
2023,1,13,KEOX
2022,6,2,KTLH
2022,10,2,KOKX
2022,10,18,KEWX
2023,8,26,TJFK
2022,5,13,KIWX
2023,3,2,KCBW
2022,7,27,KCBW
2022,5,12,KEWX
2023,4,1,KEWX
2023,5,5,TIAD
2023,10,6,TICH
2022,12,12,KMKX
2022,3,6,KEYX
2023,3,9,KVAX
2023,5,23,KENX
2022,6,6,KGRB
2023,11,10,KNKX
2023,11,15,KILN
2022,3,16,KMXX
2023,9,8,KTWX
2022,11,22,KICT
2023,9,7,TIAH
2023,2,30,KHPX
2022,4,25,KFSX
2023,5,30,PABC
2022,9,17,TFLL
2022,4,31,TMSY
2022,11,28,KPOE
2023,5,30,KMOB
2023,1,10,KDYX
2023,12,8,KMSX
2023,2,17,TMSY
2022,4,15,KSHV
2022,12,31,KDLH
2023,10,8,KDLH
2023,7,17,TOKC
2022,6,13,TMSY
2022,6,18,KFWS
2023,8,24,PACG
2022,3,28,KFCX
2022,5,26,KOUN
2023,4,24,KBHX
2023,6,26,KEWX
2023,6,15,KIND
2022,2,14,PACG
2023,12,11,KLVX
2023,4,4,KEMX
2023,8,29,KICX
2023,7,19,KILN
2022,4,18,KTLX
2023,10,21,KILN
2023,12,27,KOAX
2022,10,25,TMKE
2023,6,4,KRLX
2022,7,25,TDFW
2023,11,25,KLBB
2022,1,21,KBRO
2022,6,14,KFCX
2022,4,22,KRLX
2022,8,15,KMTX
2023,3,25,TCMH
2023,9,6,TICH
2022,6,23,KRTX
2022,3,25,PHKI
2022,4,28,TSDF
2022,4,11,KCBW
2023,5,20,PHKI
2023,2,30,KSGF
2022,5,27,TSLC
2023,6,23,KMUX
2022,9,31,TMIA
2023,7,27,KHTX
2022,4,10,KCLE
2023,12,19,KBOX
2022,10,2,KLVX
2022,12,12,KGWX
2023,12,31,KNKX
2023,6,11,RKSG
2022,7,11,KMBX
2022,3,2,PAPD
2022,5,27,KOKX
2023,10,31,KGGW
2023,2,16,KRLX
2022,2,8,KBHX
2023,9,30,KSHV
2022,3,29,TDAY
2023,9,31,KCCX
2023,6,5,KEPZ
2023,7,13,TTUL
2022,8,21,KMLB
2022,11,12,KLGX
2023,9,8,KLRX
2023,5,31,KRLX
2022,7,8,KEVX
2023,12,12,KRGX
2023,12,3,PACG
2022,12,25,KRAX
2023,2,16,KCBW
2023,1,20,KILN
2022,11,19,KTFX
2023,2,29,KOTX
2023,11,19,KDMX
2023,5,9,KBRO
2023,6,3,KLVX
2022,9,30,TDFW
2022,6,9,KHPX
2023,1,2,KBGM
2022,3,21,PHMO
2022,10,17,KCAE
2023,3,28,KMPX
2022,10,21,TIDS
2022,9,30,TADW
2022,10,8,KGJX
2023,12,25,KHGX
2022,11,7,KGYX
2022,5,10,TRDU
2022,7,29,TBWI
2023,12,14,TJUA
2022,3,13,KLSX
2022,2,27,KLSX
2022,5,11,KBUF
2022,1,30,KYUX
2022,4,15,KTBW
2023,4,21,KBIS
2022,4,21,KRGX
2023,8,13,KLOT
2023,4,8,KMRX
2023,8,12,PABC
2022,8,29,KAMX
2022,12,16,KBBX
2023,4,18,KDVN
2023,11,18,TMKE
2023,12,22,KOAX
2023,2,13,KCBX
2023,9,29,KLOT
2022,1,26,TLAS
2023,5,17,KFWS
2022,2,31,KHTX
2023,3,23,KMPX
2023,3,31,KBBX
2022,8,13,KGRB
2023,7,8,KGGW
2022,12,23,TBNA
2023,2,22,KLNX
2023,5,28,TMIA
2023,2,31,KMAX
2022,12,10,KLIX
2022,12,3,TMEM
2022,12,18,TBOS
2022,2,30,KOTX
2022,5,3,KDIX
2022,5,21,TMEM
2023,12,15,KLVX
2023,5,28,KMVX
2023,9,31,KMXX
2022,9,19,KABR
2022,1,5,TMDW
2023,7,23,KMVX
2022,6,26,KDOX
2023,9,23,TBWI
2023,9,29,KUDX
2022,8,30,KMAF
2022,6,19,PAEC
2023,9,22,TSJU
2023,6,25,KINX
2023,5,1,KOHX
2023,4,14,KMKX
2022,1,5,KDYX
2022,11,14,KCXX
2023,10,19,KMRX
2023,8,6,KMLB
2022,11,14,KOTX
2023,8,6,KCBW
2023,2,20,KABX
2022,5,26,KOUN
2022,2,14,KJKL
2023,8,19,KLRX
2022,11,10,KMBX
2022,1,24,KPBZ
2023,4,31,TRDU
2023,2,18,KMHX
2022,11,14,KCRI
2022,2,15,KFCX
2023,10,24,TIDS
2022,10,17,TMCO
2022,12,12,RKJK
2022,8,27,KHDX
2023,11,15,KSOX
2023,2,25,KLZK
2023,3,25,KDTX
2023,5,18,KLIX
2022,3,18,KMXX
2023,12,28,KDLH
2023,2,5,KCBW
2023,11,3,TMDW
2022,11,2,TIAH
2022,11,21,THOU
2023,5,20,KMTX
2023,9,3,KSFX
2022,9,7,KRLX
2022,1,16,KUDX
2022,1,17,THOU
2023,12,19,KCBX
2022,6,14,KVAX
2022,11,22,KVNX
2023,12,4,TORD
2022,8,28,TATL
2023,6,28,TFLL
2023,6,20,TDTW
2023,2,1,KTLH
2022,11,28,TMDW
2022,6,6,KMBX
2023,12,15,KHPX
2022,3,26,TSTL
2023,5,19,KAPX
2022,8,31,KDTX
2023,7,16,KCXX
2022,7,17,THOU
2022,3,29,PAIH
2022,12,14,KGRR
2022,4,27,KEVX
2022,3,21,KDDC
2022,9,27,KDDC
2023,1,19,KBHX
2022,8,20,KPBZ
2022,2,1,KGLD
2023,11,30,KCRP
2023,1,6,TCMH
2022,8,2,PHWA
2023,2,29,KDTX
2022,12,16,TPBI
2023,1,31,KTBW
2023,9,20,KLBB
2022,9,17,TIDS
2022,1,10,KIWA
2023,12,14,TBNA
2022,12,28,TCMH
2022,2,17,TSTL
2023,1,23,KVBX
2022,11,2,KOAX
2023,10,21,KMOB
2023,6,13,PACG
2023,7,25,KIWX
2022,10,3,KDMX
2023,3,21,KHNX
2023,9,22,KFWS
2023,2,8,KPDT
2023,5,2,TDCA
2023,2,30,KMRX
2022,4,17,KDLH
2022,6,5,TCVG
2023,1,7,KAMX
2023,11,20,KGLD
2022,8,20,KMQT
2023,7,21,KGWX
2023,5,18,KEMX
2022,11,16,KPBZ
2022,3,29,TMKE
2023,3,7,KTFX
2023,10,21,TCLT
2023,12,22,KDTX
2022,5,16,KATX
2023,11,13,KPOE
2022,5,15,KARX
2023,1,18,KILN
2023,11,31,KBRO
2023,6,30,KTLH
2023,4,3,KMKX
2022,4,27,TCMH
2023,7,16,KRGX
2022,4,8,KBIS
2022,6,30,KBHX
2023,7,26,KLVX
2023,10,27,TPHX
2022,11,9,TMCI
2022,4,24,TJUA
2022,1,9,KSOX
2023,11,2,PAHG
2023,3,12,TDAL
2023,4,21,KBBX
2022,6,16,KDIX
2023,7,5,KILN
2023,1,5,KMKX
2023,11,30,TPHL
2022,10,9,KCCX
2023,7,5,KBIS
2022,5,30,PAHG
2023,12,20,KMQT
2022,6,24,KSFX
2023,4,29,KLCH
2023,11,24,TSLC
2023,8,27,KFSD
2023,7,7,TDEN
2022,8,24,TJBQ
2022,9,6,KMXX
2023,8,26,KEPZ
2023,2,20,RKJK
2023,11,2,KJKL
2023,6,9,TBOS
2023,5,14,KMQT
2023,3,12,KLOT
2022,10,18,RKJK
2022,6,15,KFDR
2022,8,23,KCRP
2023,4,23,KMHX
2023,9,19,KEOX
2022,5,19,KMOB
2023,9,11,KHNX
2023,11,1,RKSG
2022,8,18,KFSD
2023,4,2,PGUA
2023,7,9,KVTX
2022,7,25,KBRO
2023,10,1,KLWX
2022,6,9,KBRO
2022,4,29,TJUA
2022,9,11,KGLD
2023,11,7,KLZK
2022,3,2,TMCI
2022,12,7,KPBZ
2022,6,20,KILN
2023,2,2,TLVE
2022,8,20,KOKX
2023,5,2,TCMH
2023,6,17,KCXX
2023,11,17,TOKC
2023,9,31,KPOE
2022,1,25,KIND
2023,4,5,KCBW
2023,2,2,KFSX
2022,10,19,PACG
2022,9,11,PHKM
2023,12,2,KCXX
2023,10,25,KFDX
2022,8,9,KRTX
2022,6,15,KOAX
2022,7,6,KHGX
2023,7,22,KBUF
2023,7,8,LPLA
2022,5,13,KNKX
2023,7,8,KLCH
2022,8,3,KEVX
2022,7,11,KMXX
2023,9,15,KGRR
2023,9,14,KLSX
2022,7,25,KIWA
2022,2,25,TDEN
2023,7,13,KMAX
2023,1,17,TMIA
2022,9,23,TORD
2023,9,19,TFLL
2022,6,11,KEOX
2023,6,28,TDAY
2023,6,28,TORD
2023,7,19,KEYX
2022,4,17,KSRX
2023,12,2,KLTX
2022,2,17,KABR
2022,6,30,KMQT
2022,6,26,KGRK
2022,7,25,KGGW
2023,9,1,TJRV
2022,1,13,PAPD
2022,7,1,KEYX
2023,7,8,KFFC
2023,9,30,KMXX
2022,10,3,TJFK
2022,3,3,KOAX
2023,12,11,KINX
2022,6,23,KGYX
2022,9,18,KLIX
2022,9,3,KDGX
2023,5,16,KCRP
2022,9,24,KLWX
2023,9,18,KFSX
2022,8,20,TMIA
2023,8,8,KILN
2023,4,6,KLVX
2023,3,29,PAKC
2023,3,21,KJAX
2022,6,23,KMSX
2022,12,2,KDFX
2023,4,10,KDFX
2023,8,31,KTBW
2023,6,3,KUEX
2023,12,27,KMUX
2022,4,28,KPAH
2023,4,15,KMVX
2022,12,3,KEMX
2022,1,4,KENX
2023,9,19,TDFW
2022,11,14,KDMX
2022,3,28,TLVE
2022,11,21,KICX
2023,8,19,KMAF
2023,1,18,KMOB
2023,9,16,KOAX
2022,1,26,THOU
2022,12,11,KCRP
2023,10,15,KBLX
2022,1,19,KDTX
2022,8,20,KPBZ
2023,10,16,KMAF
2023,4,22,PAPD
2023,9,3,KLBB
2023,2,25,KFTG
2022,5,9,TCVG
2022,9,23,KSJT
2022,9,5,PACG
2023,10,27,KBLX
2023,3,17,KTBW
2022,11,15,KRAX
2023,11,12,KVWX
2022,12,31,PACG
2023,5,28,KDYX
2023,4,9,TMIA
2022,8,26,TPHL
2023,1,1,KVTX
2023,9,14,TMEM
2023,10,7,KSHV
2022,8,27,KBLX
2022,8,15,PAIH
2022,3,8,TDFW
2022,8,23,KCXX
2022,8,8,KPBZ
2023,3,20,KFWS
2022,2,23,KJGX
2023,11,1,KGWX
2022,5,1,TMEM
2022,4,23,KDAX
2022,12,1,KVWX
2023,9,7,TATL
2022,9,5,TICH
2023,6,4,KUEX
2023,12,31,TSTL
2023,8,28,TBNA
2023,1,13,KYUX
2023,3,29,KOKX
2023,4,16,PABC
2023,7,6,KGRR
2022,7,8,KBHX
2022,4,22,TIDS
2022,11,25,KPAH
2023,2,9,KSHV
2023,4,5,KEYX
2023,1,25,TMIA
2022,8,14,KYUX
2023,6,16,TMDW
2022,4,2,TDFW
2022,6,8,KJAX
2023,3,16,PAEC
2022,10,12,KDFX
2023,11,1,KVBX
2022,8,23,KSHV
2022,3,29,KGRB
2022,5,19,TIDS
2022,4,6,KMAX
2022,2,22,PHKI
2023,3,9,TIAD
2022,2,29,KLGX
2023,12,26,KABR
2022,7,17,TORD
2023,8,22,KOUN
2023,7,27,KLOT
2022,5,3,KILN
2022,2,1,TCMH
2022,10,21,KGRB
2022,5,29,KARX
2023,7,29,KMOB
2022,6,4,TMKE
2022,8,22,KMBX
2023,9,31,PHMO
2023,7,14,KBMX
2023,5,10,PABC
2022,12,31,KJKL
2023,7,1,RKSG
2022,2,23,KPAH
2023,6,28,KMLB
2022,1,24,KBHX
2022,3,11,TBNA
2022,12,15,TPIT
2022,5,20,KDVN
2022,12,2,KAPX
2023,6,4,KBOX
2023,1,17,PGUA
2023,11,6,KCBX
2022,4,7,TMCO
2023,1,28,TBOS
2023,2,10,KEWX
2023,3,18,TTPA
2023,4,28,TMCI
2022,6,25,KNKX
2022,11,9,TDFW
2023,5,1,KDOX
2022,12,8,KEAX
2023,8,13,TPHX
2023,1,28,KICX
2023,8,13,KMBX
2023,3,22,KHTX
2023,8,28,KHPX
2023,2,3,KUEX
2023,12,22,KLRX
2022,4,18,LPLA
2023,12,31,KPDT
2023,11,25,KJAX
2023,12,17,KPAH
2022,8,12,TADW
2022,1,12,TJFK
2023,6,15,KCBX
2023,3,20,KFWS
2022,6,29,PHWA
2022,4,18,KINX
2022,8,31,KEWX
2023,6,2,KHNX
2023,3,19,PAPD
2023,12,12,KAPX
2023,8,28,TPHX
2023,10,19,TTUL
2022,8,11,TDEN
2022,11,27,KMPX
2023,9,9,TPHL
2022,6,20,KTLH
2023,9,17,TICH
2023,6,12,KFDX
2022,10,1,KICX
2023,2,31,KEYX
2023,3,27,KFCX
2023,3,24,KLGX
2022,5,13,KBLX
2023,8,21,KLNX
2022,7,29,KEWX
2023,2,6,TIAH
2022,7,13,PGUA
2023,6,11,KAMX
2023,1,14,KBYX
2023,5,12,KILN
2023,8,19,KIWX
2022,1,29,KCBX
2022,2,2,KDMX
2023,12,3,RKSG
2023,1,30,RODN
2023,10,13,KUEX
2023,10,24,KGLD
2022,1,12,KMHX
2022,4,3,KUEX
2022,11,10,KOAX
2022,12,29,KBRO
2022,5,23,TMSY
2022,1,27,TMIA
2023,2,8,TIAH
2023,10,10,KCYS
2023,2,20,KBUF
2023,9,20,KCBW
2023,9,9,TCVG
2022,11,10,TFLL
2022,3,13,KRLX
2022,2,11,KMVX
2022,11,11,KMKX
2023,7,9,KIWA
2023,7,5,PACG
2022,2,5,KPBZ
2023,10,12,TSTL
2023,2,21,KOTX
2022,4,10,KFWS
2023,11,28,KBGM
2023,11,27,KLBB
2023,2,6,KSJT
2022,7,20,KGRK
2023,12,2,KCBX
2022,6,8,KNKX
2023,7,4,TADW
2023,3,13,KCAE
2023,12,4,PGUA
2023,2,28,TCMH
2023,8,30,KCLE
2023,2,12,TDAL
2022,7,22,KPOE
2022,6,19,KPUX
2022,5,15,KDGX
2023,3,26,KILN
2023,4,7,KGGW
2022,2,27,TMCI
2022,6,22,KSJT
2022,1,14,KGSP
2023,3,28,TCLT
2023,2,14,KFDX
2023,11,25,TJUA
2023,4,3,KCRP
2022,9,29,KCBX
2022,1,30,TIAD
2022,3,27,KSRX
2023,1,3,KHPX
2023,9,21,KRGX
2022,12,15,TDCA
2022,3,8,KDFX
2023,6,18,KFSX
2022,8,12,KCRI
2023,6,19,RKJK
2022,9,7,KVAX
2023,12,22,KJGX
2023,7,17,KCCX
2022,4,5,KNKX
2022,7,18,TJUA
2023,3,7,THOU
2023,4,21,KLNX
2022,8,12,KENX
2023,12,18,KUDX
2022,8,13,KLGX
2022,1,10,PHKI
2023,9,22,KDIX
2022,12,28,KDVN
2022,9,14,KDTX
2023,3,30,RKSG
2023,2,17,KHTX
2023,8,5,KOAX
2022,2,25,KRAX
2023,9,11,KOKX
2023,8,26,KRAX
2022,7,30,TPIT
2023,11,18,KTFX
2022,6,9,KMAX
2023,1,3,KSJT
2023,9,30,KTBW
2022,3,24,KTLH
2022,1,2,KTWX
2022,6,9,KVNX
2023,4,31,KIND
2023,8,31,PHKM
2023,6,10,TBOS
2023,11,10,KTFX
2022,12,28,KVBX
2022,12,8,KAMX
2022,10,1,KMUX
2022,10,24,KTFX
2023,3,18,TSTL
2023,8,13,KPAH
2022,1,28,KABR
2022,5,9,TLVE
2023,4,27,KLRX
2022,11,28,KSGF
2022,9,15,KMLB
2022,10,10,KJAX
2022,8,6,KBBX
2022,7,21,KVBX
2022,11,8,KEOX
2023,5,3,KVWX
2023,5,19,KLGX
2022,1,18,KRTX
2022,9,17,TTUL
2023,1,17,TBWI
2023,11,30,KCRP
2022,12,23,KFCX
2023,12,22,KOHX
2022,11,9,TRDU
2023,7,17,TCMH
2023,1,28,PAIH
2022,2,9,KLRX
2022,5,20,KHTX
2022,6,1,KNKX
2023,11,5,KPDT
2023,5,30,KEOX
2022,5,22,KRAX
2023,3,24,TMSY
2023,2,22,KTYX
2023,10,19,KYUX
2022,3,29,KOHX
2022,3,16,KFCX
2023,10,19,KGSP
2023,5,3,KMOB
2023,7,1,TRDU
2022,1,29,KJGX
2023,1,29,KBUF
2023,2,6,KMKX
2022,2,8,KGWX
2023,6,12,PAIH
2022,11,25,KSGF
2022,10,9,PAKC
2022,2,24,KSFX
2022,6,16,TPHL
2022,5,24,KARX
2022,12,10,KEWX
2023,5,7,KMTX
2022,12,20,KGGW
2022,1,10,KMKX
2023,5,6,KOKX
2022,5,21,KMXX
2022,12,27,KMKX
2022,2,10,TDAL
2023,7,2,KESX
2022,10,14,TOKC
2023,4,5,KBOX
2022,12,14,KPOE
2023,4,16,TMCO
2022,10,20,KLRX
2023,1,9,KHNX
2022,6,28,KTBW
2023,4,9,KIND
2022,10,12,KGRR
2022,10,19,KESX
2023,7,16,KSJT
2023,2,6,KHDX
2022,8,4,KBIS
2022,2,28,KABX
2023,2,8,KNKX
2023,11,10,KOUN
2023,1,13,KILX
2023,5,20,KDLH
2023,12,19,KMOB
2023,5,2,KOKX
2023,8,8,KGRB
2023,9,29,PABC
2022,12,11,KFWS
2022,7,31,KTFX
2022,4,11,KBRO
2023,4,15,TDAY
2022,10,28,KLGX
2022,9,28,KLIX
2022,9,10,KARX
2022,11,29,KCCX
2022,10,18,TBOS
2023,4,20,TMSY
2023,5,14,KMSX
2022,6,5,TTPA
2023,1,19,KABR
2023,9,20,KCBX
2023,9,29,KGRB
2022,3,24,KEPZ
2023,3,14,TFLL
2023,11,20,KGRR
2022,12,12,KCLE
2023,8,25,KNQA
2023,4,22,TMDW
2023,3,17,KHTX
2022,5,22,KCBX
2022,5,27,KMUX
2023,9,31,KLWX
2023,5,23,TMCO
2022,12,14,KMSX
2023,12,25,KUEX
2022,6,4,KCCX
2023,12,10,KBGM
2022,10,3,KLIX
2022,10,14,KIWX
2022,12,26,KLTX
2023,4,31,PHKI
2022,1,14,KEWX
2022,4,11,TBWI
2022,2,12,TIDS
2022,12,5,KLIX
2023,7,16,KHDX
2022,8,16,KIWA
2023,6,22,KDVN
2022,9,1,KBYX
2022,4,26,KABX
2023,3,6,KMSX
2022,12,30,KMPX
2022,2,4,KGRR
2022,8,30,KLGX
2023,7,18,KDTX
2023,4,5,PAHG
2022,9,13,KEYX
2022,6,19,KOHX
2023,11,10,KPDT
2023,7,22,TFLL
2022,4,8,PHMO
2023,9,20,TCMH
2022,4,31,PAPD
2023,12,15,PHKI
2023,5,19,KEPZ
2023,10,18,KRTX
2022,8,7,RKJK
2022,12,6,TSJU
2022,10,12,TJBQ
2023,10,22,KVNX
2022,11,28,KMQT
2022,3,31,KMLB
2023,12,3,KGLD
2023,8,19,KHNX
2023,2,30,KINX
2022,9,19,KDDC
2022,9,6,TMDW
2022,6,11,KMRX
2023,7,17,KVBX
2023,2,20,KEPZ
2022,3,22,KFCX
2022,8,28,PABC
2023,8,26,KDFX
2022,10,8,RKJK
2022,6,4,KDIX
2022,8,16,KABR
2023,9,29,TCMH
2023,9,22,KBHX
2023,12,27,TLAS
2022,11,27,KMPX
2023,4,9,KPUX
2022,7,1,KDIX
2023,1,30,RODN
2022,7,15,KTBW
2022,3,5,KLGX
2023,10,15,THOU
2023,3,16,RKJK
2023,6,22,KLIX
2023,8,6,KLRX
2023,1,20,KRAX
2023,1,31,TDCA
2022,2,20,KFFC
2022,4,12,PAKC
2022,7,8,KEWX
2023,11,15,KICT
2022,5,1,KAMA
2023,3,9,KMXX
2022,2,12,KHGX
2022,6,19,KILN
2023,6,28,KVNX
2022,9,12,KBYX
2023,1,24,PAPD
2022,5,18,KFCX
2022,5,23,KINX
2023,11,6,KEOX
2022,10,30,KDAX
2023,10,9,KMSX
2022,7,27,KARX
2022,8,16,KHTX
2023,4,24,KGRR
2023,7,15,TCLT
2023,12,31,KRAX
2022,12,29,KAKQ
2023,2,23,KDOX
2022,4,12,KMVX
2023,10,5,KPAH
2023,3,10,PAHG
2023,9,5,KLZK
2023,9,7,KCRI
2022,8,12,KSFX
2022,3,24,KPBZ
2023,10,5,KBHX
2023,2,31,KFSD
2023,3,24,KBIS
2022,6,23,KVNX
2023,3,13,TDAY
2022,9,6,TOKC
2022,7,21,KCYS
2023,8,1,KMSX
2023,5,18,KILN
2023,8,4,KBRO
2022,12,20,KGYX
2022,11,25,TBWI
2023,12,8,KFCX
2023,1,24,KMHX
2022,5,20,TBWI
2022,7,3,KFTG
2022,7,2,KBRO
2023,2,3,TPHL
2023,4,27,KFFC
2023,4,31,KOKX
2022,9,16,KTFX
2023,2,14,KHPX
2022,5,29,KMXX
2022,2,16,KMUX
2022,2,3,KBBX
2022,3,11,KCLX
2023,11,19,PAHG
2022,11,11,KCLX
2022,8,26,TCMH
2022,5,28,PHWA
2022,8,15,TICH
2023,5,21,TJRV
2022,11,24,KDDC
2022,10,21,KEVX
2022,11,9,RKJK
2022,6,16,KMTX
2022,7,24,TIAD
2023,3,28,KLOT
2023,8,12,PAIH
2023,10,23,KCCX
2022,5,1,KDDC
2022,9,11,KBBX
2023,9,2,KDGX
2022,5,5,KFDR
2023,3,22,KGYX
2022,5,9,KGSP
2022,1,28,KILX
2022,12,7,KDDC
2022,4,30,KEAX
2022,1,21,KUEX
2023,6,11,TTPA
2023,12,20,PHKI
2023,11,26,KBBX
2023,9,13,KSHV
2022,11,1,RODN
2023,11,22,KHGX
2022,9,8,KMTX
2022,8,28,TPBI
2023,6,29,KHPX
2022,5,28,TBNA
2023,8,14,KEPZ
2023,4,19,KBOX
2023,7,11,KSOX
2022,6,27,PAKC
2022,9,16,KLWX
2022,1,26,KEOX
2023,12,16,KOKX
2022,11,11,KVNX
2023,7,29,KSGF
2023,11,10,KAMX
2023,3,12,KLVX
2022,5,18,TSTL
2022,8,29,KOHX
2023,4,13,TJFK
2023,2,13,KFWS
2022,4,12,KBIS
2023,3,18,KCYS
2022,9,28,KBUF
2022,3,2,KLZK
2023,1,6,KVTX
2023,6,13,TDTW
2022,7,30,TIAH
2022,9,4,KGYX
2022,8,3,KMTX
2022,9,19,TJUA
2022,8,29,KIND
2022,7,20,TLAS
2023,1,5,TMKE
2022,6,11,KMOB
2022,6,19,KEMX
2023,9,21,KILN
2023,10,23,KMVX
2022,9,30,TSTL
2022,8,3,KYUX
2022,9,13,KMKX
2022,4,30,KILN
2022,6,12,KGLD
2023,11,13,KHGX
2023,1,29,PAPD
2022,9,19,KPAH
2023,12,29,KDIX
2022,3,5,KPUX
2022,5,29,TPIT
2023,2,9,PAIH
2023,8,10,KGSP
2022,4,13,KEYX
2023,3,9,TBNA
2022,6,23,RODN
2022,1,25,KMQT
2022,10,18,KHDX
2022,2,4,KSHV
2022,3,13,TSLC
2022,7,2,KDTX
2022,11,6,TSJU
2022,6,9,KFTG
2023,10,17,KDOX
2023,5,24,KAKQ
2022,11,9,KVBX
2022,4,29,KVNX
2023,10,31,KICX
2023,1,31,KTYX
2023,3,26,KTLH
2023,5,22,KGWX
2023,5,27,KIWX
2023,6,11,TBNA
2023,12,12,KTLX
2022,7,10,KRGX
2023,2,27,KDLH
2023,5,3,KSFX
2022,3,16,TLAS
2022,6,25,KPOE
2023,7,26,KFDX
2022,3,10,KABR
2022,3,13,KUEX
2023,4,17,KVNX
2023,6,2,TRDU
2022,3,2,KOAX
2023,12,1,KMXX
2023,10,8,KCBW
2023,7,12,TPBI
2022,5,20,TORD
2023,2,10,KUDX
2022,4,4,KUEX
2022,9,11,KRIW
2022,6,20,KLRX
2022,3,29,KBIS
2023,6,29,KIWX
2022,2,17,TMKE
2022,1,6,KRLX
2023,9,10,KRTX
2023,10,1,TATL
2022,7,24,KVBX
2023,3,12,TCVG
2022,7,6,KLZK
2022,4,3,TMSY
2022,9,17,TFLL
2022,8,18,RKSG
2023,3,11,TORD
2022,6,6,KHPX
2022,8,1,TSJU
2022,1,16,KIWA
2023,12,12,KEWX
2023,8,5,KMPX
2023,12,7,KRIW
2023,2,28,TMCO
2023,12,27,KUEX
2023,11,22,TMCI
2022,10,27,KLBB
2023,6,2,KHDX
2022,12,28,KABR
2023,1,3,KTLX
2022,3,6,KEOX
2022,10,23,KCBW
2023,3,11,KUDX
2022,3,28,KCBW
2022,8,24,KGGW
2023,4,1,KABR
2022,2,9,KCBX
2023,4,15,TTUL
2023,12,31,KARX
2022,5,1,KLTX
2023,2,13,KCBW
2022,9,26,KMHX
2023,7,25,TLAS
2022,7,19,KMAF
2022,5,9,KUEX
2023,3,30,KBIS
2023,8,25,KTLH
2022,4,21,PABC
2022,10,14,TJRV
2023,11,11,TICH
2022,7,12,TDTW
2022,1,18,KOUN
2022,10,1,TJUA
2022,6,10,KDOX
2022,11,1,KAMX
2023,10,8,KFDR
2023,6,26,KGWX
2022,2,1,PAHG
2022,8,24,KCRI
2022,9,1,TDFW
2023,2,30,KHGX
2022,1,5,TMSY
2023,8,21,KSGF
2022,1,6,TCLT
2023,11,30,TMIA
2022,3,22,KDVN
2023,1,13,KOKX
2022,1,22,KFDX
2022,10,9,KCLE
2022,8,17,THOU
2022,7,11,TMSY
2022,5,31,KDVN
2022,10,18,KOTX
2023,10,30,KTFX
2022,6,14,TICH
2022,6,21,TLAS
2023,6,30,KOTX
2022,4,28,KBRO
2023,5,13,KLSX
2023,5,15,KDTX
2022,5,16,KHTX
2023,2,21,KDDC
2022,10,22,KABX
2022,2,8,PGUA
2022,3,7,LPLA
2023,9,3,KESX
2022,11,9,KBUF
2023,6,5,KAPX
2023,4,16,KPDT
2023,5,13,TDFW
2022,12,1,TEWR
2022,1,14,KGJX
2022,5,26,PABC
2023,5,31,KHDX
2022,9,23,KLGX
2022,8,14,KIWA
2023,7,30,KRTX
2022,10,27,TDTW
2023,2,16,KTFX
2022,2,8,KFSD
2022,11,19,KLOT
2023,10,1,KINX
2022,5,23,TMCI
2022,11,8,KGRR
2022,10,13,KDMX
2022,6,25,KPOE
2023,12,15,KEMX
2022,2,16,TSTL
2022,5,17,KAPX
2023,8,1,KPUX
2023,8,28,KEOX
2022,9,3,KRIW
2022,7,10,KDDC
2022,7,13,TIAH
2022,12,3,TIAD
2022,8,16,KABX
2023,8,10,KBMX
2022,3,17,KSGF
2022,12,26,KMBX
2023,2,25,KFSD
2023,11,11,KILX
2022,1,9,KCXX
2022,6,29,KDLH
2023,10,15,KLGX
2023,11,1,PHKI
2022,6,21,KABR
2023,2,10,KLSX
2022,4,20,TPHL
2022,3,27,TMIA
2022,11,29,PAHG
2023,12,13,TMEM
2023,7,13,KSFX
2023,5,26,TICH
2022,11,20,TADW
2023,9,21,KEOX
2023,4,17,TJUA
2022,7,26,KVTX
2023,9,30,KLTX
2022,5,2,TBWI
2023,1,13,KLGX
2022,5,10,TMIA
2022,11,4,KFTG
2022,7,11,KCAE
2023,3,29,KCCX
2023,4,27,KESX
2023,4,26,KLNX
2022,7,5,LPLA
2023,12,19,KCBW
2022,5,21,KBLX
2023,6,13,KGGW
2022,7,5,TLAS
2023,7,28,KARX
2022,2,14,KOKX
2023,9,23,KDTX
2022,12,2,KMQT
2022,10,25,KCLE
2022,3,15,KSJT
2023,4,6,KBBX
2023,2,13,KMXX
2022,2,11,TDEN
2022,10,11,KIWX
2022,11,6,TTPA
2022,2,16,KGGW
2023,12,14,KLZK
2022,3,20,KLTX
2023,2,25,KMKX
2022,10,18,KRLX
2023,2,13,KTYX
2022,7,11,PHWA
2022,6,19,TATL
2023,2,4,KFFC
2023,6,31,KBHX
2022,12,2,KGGW
2023,5,3,KRGX
2023,1,17,KMKX
2023,7,27,TEWR
2022,8,16,KPOE
2023,2,24,KMAF
2022,4,13,KMSX
2022,5,6,KBIS
2023,8,3,KMUX
2022,8,21,KRLX
2022,12,6,KTLX
2023,11,20,KEAX
2023,3,27,TDTW
2022,3,2,KEPZ
2023,7,12,TCMH
2023,6,14,KJAX
2023,1,18,KUDX
2023,3,22,TMCO
2022,12,8,PABC
2022,9,9,KMOB
2023,11,11,KFTG
2023,9,18,TDAL
2022,6,16,PABC
2022,1,24,KDLH
2022,4,22,KPDT
2022,2,8,TBWI
2022,12,7,RODN
2023,4,7,KDMX
2022,6,21,TIDS
2022,10,13,KFDX
2023,6,2,TMSY
2023,10,4,PHWA
2022,5,1,TMSP
2022,7,6,KSOX
2023,7,8,KUEX
2022,4,19,KBIS
2023,12,5,KDFX
2023,2,3,TLVE
2022,2,16,KEYX
2022,7,8,KDVN
2023,5,12,KCRP
2022,1,13,KFSD
2022,6,26,TICH
2023,5,25,KGYX
2023,1,22,KMAF
2022,4,22,KTFX
2022,6,17,TFLL
2022,4,15,KHPX
2023,4,19,KMTX
2023,12,3,KDIX
2022,11,9,KMTX
2022,1,8,KRTX
2022,9,26,PAIH
2022,3,21,KOKX
2023,4,29,PHKI
2022,3,13,KCLE
2022,1,11,KFDX
2022,2,16,KBBX
2022,1,16,TIDS
2022,10,4,KRAX
2022,12,22,KSHV
2022,12,18,KMLB
2023,9,20,TCMH
2023,7,3,KSRX
2023,12,28,KHPX
2023,8,2,TSDF
2023,2,31,TDCA
2023,4,2,KNQA
2023,4,3,RKJK
2022,1,25,KPOE
2023,8,17,KCYS
2022,4,21,KBYX
2022,8,24,KJGX
2022,6,27,TEWR
2022,5,30,KVWX
2022,5,1,KLGX
2023,3,3,KVAX
2022,5,29,KCRI
2022,11,9,KMOB
2022,12,27,TMCO
2022,8,14,KOAX
2023,10,28,KCLE
2023,2,23,KGRK
2022,12,7,KDVN
2022,7,4,KMLB
2022,12,27,TTUL
2022,3,17,KIWA
2023,9,24,TJRV
2023,12,11,KMOB
2022,10,21,KSRX
2023,12,20,KMUX
2022,9,13,TIAD
2022,5,24,KLVX
2023,11,23,THOU
2023,10,5,TORD
2022,5,24,KCAE
2023,12,9,KSRX
2022,10,12,THOU
2022,2,10,KICX
2023,12,16,PGUA
2023,9,16,KCRI
2022,10,10,KAPX
2023,10,16,TDEN
2022,12,9,TATL
2023,7,17,KLSX
2022,9,24,PHMO
2022,2,16,KCRP
2023,11,7,TPIT
2022,3,12,TCVG
2023,4,10,TMIA
2022,6,30,KHDX
2022,1,23,KEWX
2022,3,8,KDFX
2023,6,16,KBLX
2023,4,29,RKJK
2023,9,2,PHMO
2023,4,24,KFFC
2023,8,24,KVTX
2023,11,15,PAHG
2023,4,13,KCYS
2022,11,27,PABC
2023,6,8,KINX
2022,11,7,KTLX
2022,9,16,KGLD
2022,8,11,KOHX
2023,2,8,PAKC
2023,9,26,KILX
2022,4,8,KVNX
2022,6,4,TTPA
2022,8,2,TPHX
2023,12,30,TIAH
2022,9,21,KGRK
2023,3,24,KGWX
2022,6,25,KMBX
2023,5,30,KOTX
2023,1,14,TIAH
2022,10,6,KSGF
2023,4,19,KNKX
2023,9,14,KMAX
2022,5,27,KILX
2022,5,14,KMRX
2023,12,28,KMQT
2023,5,21,TIDS
2022,6,6,KEAX
2023,2,12,PGUA
2022,2,16,KGRR
2023,6,15,KEOX
2022,1,17,TMKE
2022,6,22,KGWX
2022,12,18,TCVG
2022,10,18,TSDF
2023,2,27,TADW
2023,10,25,KHDX
2022,2,15,KTLH
2022,10,5,KGRR
2023,6,12,KFDX
2023,11,26,TJFK
2023,8,12,TMEM
2023,5,22,TCMH
2023,11,5,TPHX
2023,6,7,KGSP
2022,7,18,KBRO
2023,1,21,TEWR
2022,3,6,KLNX
2022,10,23,KAMX
2022,2,30,KLGX
2022,1,23,KBYX
2023,9,27,KCRI
2023,7,8,TMCO
2022,10,31,KDOX
2023,6,9,KNKX
2023,4,28,KHGX
2023,6,8,TMKE
2023,7,3,KIWX
2022,1,15,TSDF
2023,4,3,KBOX
2022,5,11,KHPX
2023,9,20,KPUX
2022,9,11,KICT
2022,1,6,TPBI
2023,4,12,KICT
2022,6,12,KPUX
2023,9,22,TDCA
2023,8,11,KCRP
2023,9,9,KAPX
2022,8,15,TIAD
2022,3,25,KAMX
2023,11,12,KTFX
2023,9,5,TDAL
2022,8,30,KRIW
2023,10,28,TBNA
2023,4,30,KDYX
2022,5,20,TPHL
2022,12,28,TATL
2023,6,19,KRGX
2023,2,14,KEOX
2022,8,20,KDYX
2022,11,30,KSFX
2022,11,13,TDCA
2023,10,8,KDFX
2022,12,27,TSTL
2023,4,24,KLZK
2022,9,2,KGRR
2023,10,28,TDCA
2023,4,19,KNKX
2023,5,23,TJBQ
2022,10,10,KHNX
2022,7,14,KCBW
2022,3,7,KJAX
2023,12,18,KTWX
2023,6,25,TJUA
2022,10,20,KSJT
2022,1,26,KPUX
2023,9,17,KTFX
2023,12,29,PABC
2023,11,15,KMBX
2022,2,14,KTFX
2023,2,1,TEWR
2023,11,8,TMIA
2022,4,9,KGLD
2022,6,20,RODN
2022,7,11,KIND
2022,9,7,KLBB
2023,9,7,TMSP
2023,12,27,TTUL
2022,11,11,KEOX
2022,5,4,KCRI
2023,7,23,KMQT
2023,5,21,KMAX
2022,1,6,RKJK
2023,8,30,KPOE
2023,10,9,KPAH
2023,7,28,KILX
2023,12,27,TOKC
2023,6,14,KRGX
2022,8,9,KMUX
2022,5,17,TTPA
2023,5,6,KCAE
2023,8,9,PABC
2023,3,25,TMCI
2022,11,20,TJBQ
2023,4,15,KFDX
2022,1,17,KMXX
2023,8,10,KMTX
2023,7,22,KYUX
2022,10,24,KBLX
2023,5,3,KVNX
2022,5,26,KEYX
2023,9,7,KICX
2022,6,24,KMLB
2023,12,16,PHKI
2022,1,4,KSHV
2023,11,12,TBNA
2022,10,27,KLVX
2022,11,20,KMVX
2023,7,28,TSJU
2022,8,18,RKJK
2022,9,13,TPIT
2022,2,28,KLTX
2022,11,1,KMPX
2023,5,16,TPHX
2022,12,5,KAMA
2023,7,18,KLVX
2023,10,9,KOUN
2022,6,29,TADW
2022,10,5,KGSP
2023,3,10,KBIS
2023,5,30,RKSG
2023,4,5,KIWX
2023,9,24,KCRI
2023,1,19,KGSP
2022,7,12,KTLX
2022,10,22,TORD
2022,7,13,KLCH
2022,2,11,KGGW
2022,1,24,KBMX
2022,1,13,KBYX
2022,7,7,TMCI
2022,11,9,KGJX
2022,7,31,TMIA
2022,9,27,KVAX
2023,11,9,KSHV
2023,1,24,KDGX
2022,9,25,TCVG
2023,9,8,KCCX
2022,10,29,KFWS
2022,7,30,KMBX
2022,7,30,PACG
2023,5,18,KGJX
2022,9,13,PAKC
2022,7,31,KFCX
2023,1,13,KLZK
2022,7,28,KSGF
2023,8,15,KCXX
2023,8,25,KMBX
2022,6,4,TMCO
2023,7,26,KJKL
2022,9,16,KDDC
2023,2,26,KRLX
2023,7,19,KDFX
2022,2,31,KMSX
2023,7,16,KIWA
2023,1,26,KATX
2022,1,15,KATX
2022,2,18,KGWX
2022,4,16,KMHX
2022,10,4,KJAX
2023,4,21,KMTX
2023,12,25,KBIS
2022,9,26,TDTW
2022,6,1,KVAX
2022,5,6,RKSG
2022,7,20,KEYX
2023,5,24,KFCX
2022,9,20,PHMO
2022,7,18,KFCX
2022,6,13,KRTX
2022,12,29,KEWX
2022,10,2,KBLX
2022,1,16,KTYX
2022,8,19,TJUA
2023,3,8,TSJU
2022,4,30,TPHL
2022,5,20,KBRO
2023,4,20,PHKM
2022,3,6,TRDU
2023,9,19,KUEX
2023,12,27,KMPX
2022,8,26,KJKL
2022,5,9,TFLL
2023,8,18,KBLX
2023,6,19,PHKM
2022,4,14,KGYX
2023,2,31,KTBW
2022,12,5,TFLL
2022,12,26,TCVG
2022,8,20,KLGX
2022,4,29,KNQA
2023,6,1,PAEC
2023,7,19,KRAX
2022,7,15,KARX
2023,12,20,TJBQ
2022,9,12,KGJX
2022,2,23,KCLX
2023,6,10,KESX
2022,9,1,TLAS
2023,3,3,TDTW
2022,4,4,KHNX
2023,8,15,TRDU
2023,6,29,LPLA
2023,4,19,KCBW
2023,4,17,KMAF
2022,12,18,KLWX
2023,10,13,KOTX
2023,3,26,KFDX
2022,3,19,TEWR
2022,2,10,KESX
2023,2,29,KRLX
2023,12,31,TDCA
2023,6,7,KLGX
2023,4,5,KUEX
2022,6,29,KLBB
2023,8,14,TDAY
2023,4,29,KLRX
2023,12,22,KLVX
2023,10,13,TMKE
2022,2,1,KINX
2023,11,16,KDAX
2022,2,14,PACG
2023,10,6,KCBW
2022,8,19,KMLB
2022,6,25,KBUF
2023,8,19,KOUN
2022,5,14,RKSG
2023,5,28,TSJU
2022,1,31,KAPX
2022,8,21,KLTX
2022,12,29,KUEX
2023,3,4,KGGW
2023,11,21,KMTX
2022,1,25,KCCX
2023,11,24,KDOX
2022,6,20,TLVE
2022,8,16,TMKE
2023,3,24,KVAX
2022,9,18,KDGX
2022,4,14,KTBW
2022,8,24,TTPA
2023,4,21,RKSG
2023,8,9,RKSG
2023,10,15,KDGX
2023,5,10,TSLC
2023,1,20,KMAX
2023,12,6,KIWX
2023,4,23,TSJU
2023,11,2,KEVX
2022,3,10,KOTX
2022,11,19,KNQA
2022,4,28,KBLX
2022,5,16,KVWX
2023,10,17,KDDC
2023,5,2,KSRX
2022,2,25,TIDS
2023,2,24,KPDT
2022,2,12,PABC
2022,6,24,KOAX
2022,4,31,KIND
2022,2,6,TCLT
2023,7,2,KILX
2022,1,15,KPAH
2022,2,30,KFWS
2022,2,4,KRGX
2022,7,18,TCVG
2022,6,2,KRGX
2023,9,8,TSDF
2022,5,14,KHNX
2022,1,27,KESX
2023,6,2,PAHG
2022,1,20,KVNX
2022,9,26,KFSD
2023,5,5,TCVG
2022,6,16,KLVX
2023,8,29,KVAX
2022,1,17,KPDT
2022,1,11,PHMO
2022,3,3,KCBW
2022,10,7,TDTW
2022,12,18,KILN
2023,9,25,KHDX
2023,3,19,KDDC
2023,7,30,KBUF
2022,10,23,KDDC
2023,9,7,TADW
2022,8,28,KCRP
2022,3,7,KEPZ
2022,2,13,KVAX
2023,8,4,KDMX
2023,3,15,KLBB
2023,9,13,KMTX
2022,1,3,KCLX
2023,2,5,KJAX
2023,10,17,TFLL
2023,1,18,TRDU
2022,10,30,KIND
2022,4,3,TDAY
2023,4,31,TIAH
2022,3,25,PHWA
2023,11,10,KCCX
2022,5,9,TDFW
2022,3,21,KARX
2023,12,15,KINX
2022,6,9,PHKM
2023,2,22,KSGF
2022,4,20,KDTX
2022,9,18,KMVX
2023,6,17,TMCO
2022,4,31,TDCA
2022,1,17,TLVE
2022,5,8,TCLT
2022,5,23,TTPA
2023,2,24,KEYX
2022,9,20,KTYX
2022,3,5,KDMX
2023,6,9,PAEC
2022,1,21,TTPA
2022,6,23,KMPX
2022,3,31,KUDX
2023,2,8,KLWX
2022,2,17,KBLX
2022,4,23,KFFC
2023,11,10,KLVX
2022,10,6,KFSD
2022,2,28,TSLC
2023,3,29,TIAD
2022,10,22,LPLA
2023,2,22,KVBX
2023,8,28,KBLX
2022,2,7,KEOX
2023,4,25,KHNX
2022,3,22,TSLC
2022,4,29,TADW
2022,3,8,KVWX
2023,6,10,KOTX
2023,7,3,KBRO
2023,7,1,KPOE
2022,7,1,KDAX
2022,3,20,KPBZ
2022,8,21,KCRI
2022,8,5,TLAS
2023,3,24,KLZK
2022,3,28,TDCA
2022,11,29,KOUN
2023,8,14,TPIT
2023,2,31,KABX
2023,9,14,KOUN
2023,1,13,KEMX
2023,10,29,TMCO
2022,4,4,KABR
2023,10,17,KGRB
2022,7,8,TTPA
2022,9,21,KIND
2022,4,4,KDVN
2022,11,7,KABR
2022,9,17,TEWR
2022,8,30,KCBX
2023,8,4,KMRX
2022,7,7,KOHX
2022,3,26,KRTX
2023,8,22,KSRX
2023,11,5,KJAX
2022,6,20,KCYS
2022,5,4,KHDX
2022,10,30,KPBZ
2023,6,24,TICH
2023,9,13,KFFC
2022,7,30,KDIX
2023,8,4,TLAS
2022,7,30,KCXX
2023,3,9,KUEX
2023,8,4,TTUL
2022,11,9,KATX
2023,12,30,TIAD
2023,6,14,TMIA
2023,10,10,KTLX
2022,8,14,KSFX
2022,5,20,KPOE
2023,9,1,TBWI
2023,12,20,KGWX
2022,8,3,KSJT
2023,10,12,KAPX
2022,10,6,KBBX
2022,10,27,KDOX
2023,11,12,KVTX
2022,5,3,KBBX
2022,3,8,KJKL
2022,8,29,KTYX
2022,10,10,KMRX
2023,1,5,TBNA
2022,3,16,KTWX
2023,5,28,KDTX
2022,10,7,TDTW
2023,2,4,TDAY
2022,6,21,KSRX
2022,5,9,KGJX
2023,1,28,TCVG
2023,11,10,KDGX
2023,2,12,TJRV
2023,11,25,KDLH
2022,5,26,TJUA
2022,10,13,KJGX
2022,3,27,PAIH
2022,12,9,TCMH
2022,11,19,KBHX
2023,3,28,KAPX
2023,2,10,TSJU
2022,3,6,KVAX
2022,9,28,TMSP
2022,11,7,KILN
2023,6,7,TCMH
2022,12,29,KLTX
2023,3,18,KLRX
2023,10,3,PHKI
2022,1,13,TATL
2023,3,14,KFSX
2022,4,17,KGRR
2023,11,21,KVBX
2023,11,18,KMKX
2022,4,18,KDVN
2022,7,31,KCBX
2022,1,14,KBGM
2023,11,26,KCAE
2023,3,29,KILN
2022,7,15,KCRP
2023,8,28,KMTX
2022,1,28,PACG
2022,10,30,RKJK
2023,8,27,KGWX
2022,5,24,KMXX
2023,3,29,TMIA
2023,8,7,PHWA
2022,1,15,KMKX
2023,8,24,KSGF
2023,11,6,TTPA
2022,5,15,KTWX
2022,1,17,KABX
2022,12,9,KGLD
2023,11,11,KAPX
2023,4,14,KHGX
2022,7,29,KTLX
2023,8,16,TDEN
2023,4,22,KOTX
2022,2,13,TADW
2022,7,31,KPDT
2022,3,6,KEMX
2023,1,3,TDEN
2022,3,2,KFDX
2022,8,8,KBGM
2023,6,21,KDGX
2023,1,13,TDTW
2023,3,2,KSFX
2023,3,25,TDCA
2023,8,20,KATX
2022,1,19,KJKL
2023,6,25,PAIH
2023,1,7,RODN
2022,11,24,KFCX
2022,9,20,KOKX
2022,9,16,KGRK
2022,12,1,KEVX
2023,7,6,KBRO
2022,10,17,KGJX
2022,2,7,KMHX
2023,3,15,KEMX
2023,12,29,KOTX
2022,7,18,PACG
2022,7,16,KEPZ
2022,1,12,KGSP
2022,7,28,KOHX
2022,6,18,KAMX
2023,12,12,KSOX
2022,11,28,RKJK
2023,6,24,TCMH
2023,10,9,KJGX
2023,11,18,KGWX
2023,12,22,KTLX
2023,7,31,KUDX
2022,8,12,KLWX
2023,9,6,KGRB
2022,7,18,KSOX
2022,9,24,RKJK
2023,10,23,KMHX
2022,7,25,KMQT
2022,5,12,TPHX
2023,7,2,TLAS
2022,8,21,KGGW
2023,5,15,KAMA
2022,2,9,KICX
2023,7,1,KCCX
2023,11,9,KVTX
2022,11,18,KOKX
2023,9,14,TCMH
2023,6,29,KBRO
2022,9,28,KCBX
2022,10,28,KFTG
2023,12,20,KTBW
2023,11,6,TSTL
2022,7,25,KDMX
2023,3,6,KFSX
2022,8,24,KBLX
2022,2,3,KMTX
2023,8,17,KRLX
2023,11,15,KCLX
2022,5,6,KFDR
2023,9,17,KMSX
2023,1,23,KDAX
2022,5,25,KLCH
2023,7,28,KEPZ
2023,7,23,KRLX
2023,8,10,KCAE
2022,4,19,TMSY
2022,9,30,KHDX
2023,11,10,KEMX
2022,6,10,KOHX
2022,9,8,TDEN
2022,3,9,KGLD
2022,10,26,KAMA
2022,11,31,PHKI
2023,1,19,KMUX
2022,4,13,TLVE
2023,5,23,KIWA
2023,8,28,KCCX
2022,12,29,TIDS
2023,10,31,KFDR
2022,10,10,KDIX
2023,4,4,KOHX
2023,2,19,TTPA
2023,1,2,KSFX
2023,8,12,KFCX
2022,4,28,KBMX
2023,9,18,KMRX
2022,9,11,KBYX
2022,12,18,LPLA
2022,9,13,KILN
2022,8,1,PGUA
2022,7,28,KDVN
2023,1,2,KBMX
2023,12,19,KINX
2023,9,12,KSJT
2022,5,4,KAMX
2023,12,12,KHNX
2022,11,28,KTYX
2023,3,1,KSJT
2023,3,19,KHTX
2022,2,3,KGRK
2023,2,10,KEPZ
2022,4,7,KLTX
2022,7,6,KLRX
2023,10,7,KLZK
2022,4,21,KDTX
2023,11,26,TMKE
2023,12,24,KJGX
2022,4,4,KMRX
2022,11,3,TBNA
2023,2,12,KMAX
2022,4,20,KICT
2023,6,7,PAEC
2022,11,18,KILX
2022,8,29,KEVX
2022,4,23,KBYX
2022,5,26,TSDF
2022,11,30,KSGF
2022,11,28,KBUF
2022,3,6,PGUA
2022,6,31,KEWX
2022,7,15,KICX
2023,2,11,KPOE
2022,3,16,PGUA
2022,9,4,KEMX
2022,5,7,KLSX
2023,9,21,TMCO
2022,7,15,KTLX
2023,10,23,TPIT
2022,11,19,TJFK
2022,5,22,KDAX
2023,6,31,TCLT
2022,2,22,TEWR
2022,6,26,KCRP
2023,11,14,TMIA
2023,6,15,PAKC
2022,6,29,KFCX
2023,9,17,TLVE
2023,3,6,KBOX
2022,11,10,LPLA
2023,3,30,KSJT
2022,1,8,KPAH
2022,1,16,KJAX
2022,4,27,KVBX
2023,12,11,KDTX
2023,9,27,TPBI
2023,7,20,KABX
2022,10,24,KSOX
2022,3,8,KSRX
2022,6,11,KINX
2022,10,6,TBNA
2022,4,12,KENX
2022,2,9,RKJK
2023,1,16,KFTG
2023,8,9,KLZK
2023,12,24,KOHX
2023,9,19,KFWS
2022,8,3,TMIA
2023,8,24,TPIT
2023,9,17,TSLC
2022,3,17,KPOE
2023,9,16,KRAX
2023,8,7,PGUA
2022,2,28,KVBX
2022,9,24,KNQA
2022,5,24,KRIW
2023,9,20,KENX
2022,3,21,KHPX
2022,11,13,KGYX
2023,3,4,TTPA
2023,7,27,TDCA
2022,8,1,KTLH
2022,1,15,TMIA
2023,11,30,KDDC
2023,9,18,KDVN
2023,9,6,KTBW
2023,10,16,LPLA
2023,8,5,KICX
2022,7,18,KMPX
2023,12,28,KBHX
2022,6,8,KLCH
2022,2,13,KGYX
2022,11,27,TFLL
2023,7,10,TPHL
2023,8,24,TJFK
2023,11,14,KDMX
2023,4,5,KBYX
2022,12,24,KLNX
2022,5,11,KRTX
2022,9,31,KVTX
2022,3,15,TPIT
2023,2,12,TPBI
2022,2,26,TIAD
2022,10,17,KAMA
2022,3,30,KTLH
2022,11,24,KMTX
2022,4,7,KLRX
2022,1,3,KMVX
2022,4,31,KHNX
2023,7,8,KTYX
2022,8,31,KDDC
2023,8,3,KLCH
2022,7,3,KLRX
2023,4,24,KBIS
2022,6,30,KGRR
2023,12,9,KHDX
2022,3,19,KFSX
2023,10,31,KIWA
2022,7,31,KMOB
2023,6,28,KHTX
2022,9,11,TMDW
2023,5,12,KFSX
2023,7,28,KCBW
2022,6,18,KIND
2023,8,13,KMAF
2022,10,3,KMSX
2023,1,4,TIAH
2023,9,15,KJKL
2023,1,20,KLGX
2023,8,14,TTPA
2023,12,31,KDDC
2022,3,20,PAPD
2022,12,31,KHTX
2023,5,31,KESX
2023,4,20,KIWA
2023,3,25,KGLD
2023,5,14,KAPX
2023,5,7,KOTX
2023,8,15,TTPA
2023,10,21,TSLC
2022,12,26,KVWX
2022,3,14,TIAH
2023,5,10,TMKE
2023,3,15,KHPX
2022,5,6,KRAX
2023,10,5,KMKX
2022,5,30,KIND
2022,11,25,TSTL
2022,3,18,KENX
2022,3,2,PAPD
2022,7,16,KDVN
2023,1,21,KPAH
2023,12,23,KMAF
2023,7,16,TLVE
2022,4,7,TTUL
2022,8,31,TPHL
2022,2,20,KCLE
2022,9,21,TMDW
2022,1,8,KMOB
2022,5,25,TRDU
2022,2,11,TCMH
2023,10,16,KDGX
2023,1,4,KJKL
2022,3,6,KCBW
2023,1,7,KJKL
2022,7,6,KMUX
2022,9,24,KLNX
2022,6,2,KLWX
2023,10,3,KIWA
2023,5,29,KGJX
2023,12,27,KLWX
2023,7,21,KFTG
2023,1,21,KSGF
2022,9,2,TPBI
2023,10,2,KDLH
2023,2,12,KPOE
2023,10,29,TMCI
2022,6,6,KBRO
2023,8,13,KBLX
2022,12,2,KHTX
2023,6,28,KNKX
2022,11,29,TIDS
2022,1,13,KAKQ
2022,1,8,KDFX
2022,8,25,KFSD
2022,6,8,KLNX
2022,2,15,KYUX
2022,6,29,KMLB
2023,5,7,KMLB
2022,12,16,TTPA
2022,10,6,PAKC
2022,9,7,KHTX
2023,11,26,KCRI
2022,9,23,KTBW
2022,8,19,KTWX
2023,11,7,KMAF
2023,6,30,KGRK
2022,7,8,KATX
2023,6,16,KCBW
2023,7,15,KEPZ
2022,12,22,KICT
2022,8,26,KHPX
2022,12,1,TJFK
2023,10,16,KDAX
2023,5,20,RKSG
2023,1,30,TBNA
2022,2,21,KARX
2023,6,13,KCYS
2022,1,7,TSLC
2022,6,15,KVNX
2023,1,13,KPDT
2023,3,15,KLGX
2022,6,11,KSHV
2022,12,19,KFCX
2022,6,12,TFLL
2022,7,28,KMLB
2023,11,14,TSTL
2023,7,26,KUEX
2023,6,16,KMBX
2022,5,9,KVTX
2023,6,11,KJKL
2022,2,31,TJUA
2023,7,23,KUDX
2022,8,9,KMRX
2022,2,12,KHPX
2023,3,25,KLBB
2022,7,17,KMKX
2022,4,24,KDAX
2023,12,23,TMEM
2022,10,8,PGUA
2023,7,23,RODN
2023,4,7,KTWX
2023,9,22,KFFC
2022,1,3,KRAX
2023,5,25,KCBX
2023,11,12,TDTW
2022,9,12,TPBI
2022,6,14,KPOE
2023,10,19,KHTX
2023,11,13,PHMO
2023,2,24,KTBW
2022,1,11,KCYS
2023,2,12,KMXX
2022,8,1,KHPX
2023,9,1,KHGX
2023,1,14,KBUF
2022,3,17,TSTL
2023,1,31,TBWI
2022,12,8,KTYX
2023,10,15,TADW
2023,6,12,KPUX
2023,11,10,KAMA
2022,6,18,KRAX
2022,2,6,KGGW
2023,3,22,KIWX
2023,8,5,KENX
2022,11,31,TIAD
2023,3,14,KLSX
2022,2,19,KVBX
2022,10,22,KABX
2022,12,8,PAIH
2023,3,2,KDOX
2022,8,25,KDLH
2023,2,11,KCBX
2023,1,22,KCBX
2022,4,10,KEVX
2023,11,3,KARX
2022,11,3,TDAL
2023,2,13,KLIX
2022,9,21,KOUN
2022,9,18,KDAX
2023,12,8,TBWI
2023,4,24,TPIT
2023,8,31,KMVX
2022,5,30,KGWX
2023,1,30,KRIW
2023,2,1,TDEN
2023,12,21,PHMO
2022,7,31,KRLX
2022,10,6,TPHX
2022,9,3,KGGW
2022,7,19,KPUX
2022,4,30,TMCI
2023,7,23,KILX
2023,8,6,KMOB
2023,3,12,KRIW
2023,6,19,KMTX
2023,3,31,KSHV
2022,12,3,KCBW
2022,9,13,KILN
2022,11,3,PHWA
2022,2,16,KRAX
2023,6,7,TMCO
2022,6,25,TDEN
2023,2,31,KBRO
2022,12,27,KCLE
2022,5,23,KCXX
2023,6,16,KDMX
2022,1,31,KEWX
2023,11,6,KMOB
2022,2,21,TDTW
2022,1,1,KLIX
2022,12,4,KVWX
2023,6,6,TMKE
2022,10,30,TBOS
2022,3,14,KCLE
2022,6,18,KFFC
2022,11,26,TMSY
2023,12,31,KFSD
2022,11,25,KCAE
2022,11,30,KHTX
2022,10,9,KEOX
2023,9,10,TMIA
2022,2,31,LPLA
2023,3,16,KMRX
2023,10,8,TOKC
2022,5,3,KEYX
2022,11,13,KVNX
2023,7,19,KOKX
2022,1,20,TPBI
2022,9,21,KESX
2023,11,9,KLVX
2023,11,20,PHWA
2022,8,19,KRAX
2023,9,19,KCBW
2023,2,27,KLNX
2022,6,8,KRGX
2023,8,2,KMPX
2022,3,28,KTLH
2023,1,22,KFSX
2022,2,18,TMDW
2022,5,28,KGRK
2022,9,30,TMIA
2023,9,22,KHDX
2023,9,14,KARX
2022,4,6,KGJX
2023,12,23,KMHX
2023,4,17,TSDF
2022,8,11,PAIH
2023,2,4,KMVX
2023,12,12,KOTX
2022,8,25,KNQA
2023,4,26,KLBB
2023,3,5,KSOX
2023,3,4,KTLX
2023,9,10,KOHX
2022,12,31,KPAH
2023,7,18,KTLX
2023,10,15,KBLX
2022,4,21,KLWX
2023,1,29,TICH
2023,3,8,KLNX
2022,9,9,TDAY
2023,11,6,TMIA
2022,4,20,KLBB
2023,1,30,KMHX
2022,8,19,KCAE
2022,8,4,KEYX
2022,4,6,KVWX
2022,2,29,KLGX
2023,3,4,TCMH
2022,3,14,PHKM
2023,12,8,PAHG
2023,12,6,RKSG
2023,12,2,PAIH
2022,11,11,PHKM
2023,11,14,KJAX
2022,6,10,KUDX
2023,3,18,KDGX
2023,7,4,TORD
2022,11,9,KMQT
2022,3,3,KPAH
2022,3,26,KCRP
2022,8,25,PHKI
2022,2,16,RKSG
2022,4,19,KDIX
2022,7,16,TCLT
2022,2,26,KJKL
2022,12,25,TEWR
2022,4,8,KEVX
2023,4,31,KVNX
2022,2,31,KILX
2022,6,9,TIDS
2023,4,12,TMDW
2022,4,31,KGRR
2023,7,19,KSOX
2022,10,12,TJFK
2023,3,5,KMBX
2022,2,15,KMAF
2022,2,23,KBYX
2022,10,25,KFSD
2023,2,2,TDTW
2022,1,4,KMVX
2023,8,1,KOAX
2022,9,20,KMLB
2022,4,29,KMBX
2023,2,8,KMHX
2022,5,20,KCRP
2023,10,16,TSTL
2023,10,3,TRDU
2023,8,5,TSTL
2023,5,27,PAHG
2023,2,14,KATX
2022,7,12,KPOE
2022,1,8,KUDX
2022,1,15,TFLL
2023,8,21,KGLD
2023,12,17,KESX
2023,9,6,KOUN
2023,1,23,KEYX
2023,10,14,KLIX
2023,8,21,LPLA
2023,8,25,TATL
2022,11,2,KMXX
2022,1,2,TMEM
2023,8,12,KFSX
2023,2,6,TSJU
2022,7,11,RODN
2023,12,22,KMSX
2023,10,8,KABX
2023,11,3,KUDX
2022,9,17,TJFK
2022,1,21,TCVG
2022,5,30,KAMX
2023,2,15,KABX
2023,3,17,KDGX
2023,5,15,KICT
2023,8,18,KFCX
2022,5,8,KDIX
2023,10,15,TJUA
2023,11,22,TIDS
2022,8,27,TSDF
2023,12,25,KFCX
2022,11,23,KVTX
2023,1,2,KBUF
2022,7,10,TCMH
2022,9,18,TRDU
2022,2,14,KCYS
2023,12,8,KCLX
2022,12,10,KMUX
2022,1,10,KHTX
2022,4,21,RKSG
2023,4,25,TDFW
2022,8,10,PHMO
2022,6,23,TMIA
2022,1,31,KESX
2022,11,25,TPIT
2023,4,31,KRTX
2023,12,17,TLVE
2022,8,21,KBIS
2022,10,10,KGJX
2023,6,21,TTUL
2022,8,10,TJFK
2023,2,17,RKSG
2023,2,5,KPBZ
2022,9,24,KLVX
2022,3,10,KAMX
2022,12,21,KEWX
2023,6,7,KTFX
2022,4,3,PHKI
2022,7,6,KFDX
2022,2,2,KCXX
2023,5,2,KMAF
2022,5,27,KBHX
2022,6,19,TDCA
2023,6,1,TTPA
2022,7,23,KIWA
2023,1,24,KCLX
2023,10,20,TIAD
2022,12,31,KFTG
2022,10,3,KBUF
2022,6,14,THOU
2023,6,1,RODN
2022,1,21,KPAH
2023,11,27,KHTX
2022,9,4,TPHX
2023,10,16,KCXX
2023,12,5,KOUN
2022,7,24,TLVE
2022,6,12,TSLC
2023,8,14,KPBZ
2023,4,5,KBYX
2023,5,27,RODN
2022,10,21,KPUX
2022,5,12,PAIH
2022,3,20,TRDU
2022,10,1,KOKX
2022,3,8,KLTX
2022,11,11,TDCA
2023,12,13,KDAX
2022,5,22,KMQT
2022,9,23,TPIT
2022,9,21,KLOT
2022,4,1,KLBB
2022,3,12,KBOX
2023,10,28,KGWX
2022,9,19,KFSX
2023,9,8,KMQT
2023,2,22,KEMX
2022,12,7,TIDS
2022,7,13,KDYX
2023,2,3,TOKC
2023,9,6,KLBB
2022,8,8,KVAX
2023,9,19,KGRR
2022,6,24,KAPX
2022,7,1,KLWX
2023,6,23,KCRP
2023,4,27,KDIX
2023,8,31,KLRX
2023,2,20,KRGX
2022,6,1,KDLH
2022,2,28,KHGX
2023,7,26,KBHX
2023,1,24,KTLH
2022,3,15,PACG
2022,5,4,KPDT
2023,11,11,KGSP
2022,6,23,KEVX
2022,6,19,KDDC
2022,7,9,KFCX
2023,8,3,KPBZ
2023,12,22,KIND
2023,1,12,KJAX
2022,3,2,TDEN
2023,6,29,KRAX
2022,9,27,KBHX
2022,4,26,KCLX
2022,12,22,KRTX
2023,5,6,KLWX
2022,7,24,KAKQ
2023,10,25,KFWS
2023,1,17,KMOB
2023,10,24,KCYS
2022,5,28,KIND
2022,3,30,KIWX
2023,5,23,TBNA
2022,6,29,KNQA
2022,12,10,KHGX
2023,8,16,KBYX
2023,6,4,TPIT
2022,4,1,PACG
2022,8,24,TIDS
2022,2,28,RKJK
2022,1,11,TSLC
2022,2,2,KLTX
2023,9,28,KCBX
2022,8,14,KAPX
2022,2,30,TBWI
2023,4,25,TEWR
2023,12,11,KENX
2022,7,12,KDFX
2022,6,24,PHKM
2023,6,5,TSTL
2023,10,29,KLGX
2023,9,23,KLBB
2023,6,26,PAPD
2022,7,25,KLRX
2023,4,7,TTUL
2022,2,24,KCRP
2022,3,31,TIAD
2022,7,28,KLGX
2022,12,15,KFDX
2023,3,24,TMKE
2022,2,11,KTWX
2022,4,6,KBLX
2023,2,25,KYUX
2023,8,15,KBOX
2022,3,11,KBLX
2023,10,7,KIWA
2022,2,3,KLNX
2023,1,24,KBUF
2023,1,16,TMSP
2022,2,12,KLGX
2023,11,11,TEWR
2023,4,28,KRIW
2023,12,2,KSRX
2023,5,17,KCRP
2022,1,1,KSHV
2023,3,20,TMIA
2023,6,31,KOUN
2023,10,1,KBRO
2022,8,24,TMEM
2022,11,30,RKJK
2023,12,22,KDGX
2022,9,31,PHKM
2023,2,14,TIAD
2023,8,19,KLWX
2022,10,1,TATL
2022,9,25,KMLB
2022,6,24,KSHV
2023,4,4,KMHX
2023,7,24,PAHG
2023,2,17,PAHG
2023,7,10,KSRX
2022,7,4,KHDX
2023,6,21,KLIX
2022,3,2,TLVE
2023,2,16,PAPD
2023,4,21,KLCH
2023,4,1,KUDX
2023,3,10,KILN
2023,5,8,KAPX
2023,3,27,KMHX
2022,12,14,KMRX
2022,7,1,TJUA
2022,8,15,KGLD
2022,3,31,TORD
2023,3,8,TDCA
2022,4,28,TCVG
2023,1,1,KHPX
2023,3,16,PHKM
2023,8,6,KMBX
2023,11,11,KTLH
2023,5,6,KOUN
2022,2,6,TJUA
2023,2,5,KTLX
2022,6,31,KMXX
2022,11,2,KLVX
2023,3,3,KBHX
2022,7,25,KDTX
2022,4,24,TBWI
2022,6,22,KCRP
2023,9,12,KEAX
2022,8,1,KCYS
2023,7,3,TICH
2023,7,8,TICH
2022,6,15,PHKI
2023,11,18,RODN
2023,3,8,TMEM
2023,7,9,KBOX
2022,11,8,KPOE
2023,12,17,KBBX
2023,3,27,KVNX
2022,12,26,KOAX
2023,10,4,KLIX
2022,1,3,KTLX
2023,10,15,TCLT
2023,3,2,TATL
2022,5,1,KDOX
2022,9,21,KDLH
2022,12,9,THOU
2022,10,4,TJUA
2023,4,24,KTFX
2022,9,30,KMAX
2023,12,11,KDTX
2023,6,26,KGJX
2022,7,14,KOHX
2023,6,31,KAMX
2023,3,7,KDIX
2022,8,31,TMSP
2022,6,1,KSJT
2023,1,17,TBWI
2022,11,19,KRTX
2023,10,10,KDAX
2023,7,11,TSJU
2023,1,27,KRIW
2023,12,22,TEWR
2023,3,14,KMPX
2023,1,3,KLNX
2022,1,29,KCAE
2023,3,16,KJAX
2023,7,9,TPHX
2023,1,16,TJBQ
2023,4,23,TMIA
2023,8,12,KHDX
2023,3,13,KOHX
2022,10,2,KAMA
2023,3,29,TJBQ
2022,3,1,KCLX
2022,4,29,KBLX
2023,12,21,KCLE
2022,12,31,KVBX
2022,10,2,PGUA
2022,5,26,KLNX
2022,12,8,KMUX
2023,10,20,KGGW
2022,9,29,TTUL
2023,5,21,TIDS
2022,10,7,KCLX
2023,8,15,TIDS
2022,1,4,KIWX
2022,8,8,PACG
2022,1,19,KOKX
2022,3,30,KRIW
2023,8,13,KGLD
2022,1,11,KCBW
2022,8,19,KARX
2023,6,29,KGWX
2023,2,11,KLIX
2023,4,22,KFDX
2022,1,3,TJRV
2022,3,24,KBUF
2023,5,22,KRTX
2023,9,18,KCRP
2023,11,16,KGWX
2023,11,30,TRDU
2022,5,26,KAKQ
2022,10,5,KFSD
2022,2,15,PAEC
2022,12,28,PAKC
2022,5,8,KIWA
2022,8,15,KDTX
2022,5,12,KMAX
2022,6,6,KICX
2023,12,18,KHGX
2022,8,1,TPHL
2023,3,21,TOKC
2022,7,22,KEYX
2023,1,1,KAMX
2023,1,23,KILX
2023,11,2,KVBX
2023,2,18,KILX
2023,2,7,TSDF
2023,2,20,KCYS
2022,9,7,KAPX
2022,4,23,KVAX
2023,11,18,KPAH
2023,3,13,TMEM
2022,6,30,KIWX
2022,7,19,TSLC
2022,8,3,TMSP
2023,2,3,KCYS
2022,9,14,KMAF
2023,5,30,KTLH
2022,1,12,TICH
2023,1,30,KFTG
2022,8,30,KLBB
2022,3,28,KLZK
2023,5,26,KUEX
2022,8,30,TADW
2022,1,31,KEPZ
2022,4,12,KFSD
2022,10,8,KBBX
2022,7,21,KEWX
2022,9,24,KDYX
2023,12,30,TBNA
2023,10,11,KRAX
2022,8,10,KBRO
2023,10,24,PHKI
2023,3,5,PHMO
2022,12,31,KMOB
2022,7,21,KFWS
2022,11,16,KSFX
2023,11,26,KEOX
2022,3,16,KMKX
2022,5,25,KPUX
2022,4,23,PAPD
2023,12,18,KRLX
2023,2,22,KLZK
2022,3,2,KEMX
2023,7,29,KIWA
2023,8,10,KBYX
2023,4,27,KDGX
2023,3,15,TMIA
2022,9,9,TDCA
2022,7,3,KENX
2022,2,30,KOTX
2023,10,26,KMSX
2023,3,17,KBUF
2023,10,8,KINX
2023,9,26,KICX
2022,4,13,PHKI
2023,11,6,KPBZ
2023,10,22,KVBX
2022,6,11,KCLX
2022,1,3,KAPX
2022,4,22,KYUX
2022,6,4,KCAE
2022,12,4,KOAX
2022,8,16,KABX
2023,7,7,KVTX
2023,2,20,KINX
2022,11,13,KGYX
2022,2,30,KPDT
2023,2,12,KABX
2023,11,7,TPBI
2023,1,26,KCBX
2023,6,20,KTWX
2023,11,30,KLTX
2023,9,27,KPBZ
2022,7,3,KPOE
2023,11,16,KGYX
2022,8,17,KFCX
2022,6,25,KARX
2023,1,17,KMPX
2023,12,31,TDAL
2022,9,8,KTFX
2023,11,21,KDGX
2023,9,5,KMUX
2022,11,28,KMLB
2023,5,8,KTWX
2023,8,3,KVTX
2023,2,27,TMSP
2022,9,25,KVAX
2022,2,23,KBUF
2022,5,28,KBBX
2023,12,6,TDAY
2022,11,3,TADW
2022,11,7,TFLL
2022,12,8,KCYS
2022,3,24,KICX
2022,6,23,KAKQ
2023,2,25,KPOE
2022,9,13,KGGW
2022,10,22,KLOT
2022,5,21,KMAF
2022,2,23,KCLE
2022,2,21,TSJU
2022,5,23,KIWA
2023,4,26,KDTX
2022,2,22,TJUA
2023,2,11,KBGM
2022,6,19,KLSX
2023,6,21,TOKC
2022,1,20,KVTX
2022,2,27,KFDR
2022,12,27,KMRX
2022,7,6,TDAY
2023,5,24,KOHX
2022,5,30,TJBQ
2022,8,31,KBUF
2022,7,22,KBHX
2023,4,2,KFDR
2023,10,11,KRTX
2023,11,19,KPOE
2023,7,19,TJFK
2023,4,4,KGLD
2022,2,4,KJAX
2022,11,2,KMHX
2022,9,16,KRLX
2022,8,30,KDTX
2022,6,31,KGSP
2022,6,18,KRIW
2022,5,24,KNKX
2023,10,15,TSTL
2023,7,1,TMCO
2023,4,22,KCRI
2022,11,29,KTLH
2022,5,2,KMXX
2023,7,16,KLRX
2023,2,5,KGRK
2022,3,17,KIWA
2022,5,2,KHGX
2022,10,25,KOAX
2022,5,24,KFFC
2022,6,24,KICX
2023,6,26,TOKC
2023,12,17,KCCX
2023,7,19,KLGX
2022,10,10,KLCH
2023,4,12,KCBX
2023,6,2,KMSX
2022,11,20,KFDR
2023,12,5,KEWX
2022,6,30,TJFK
2023,3,17,TMSY
2022,10,14,TCLT
2023,4,27,KMQT
2023,2,27,TCMH
2023,1,16,KAPX
2023,12,18,TJRV
2022,3,2,KGGW
2022,9,5,KRIW
2023,11,30,KFDR
2023,4,24,KABX
2022,6,14,KUDX
2022,9,4,KJAX
2023,9,18,TMEM
2023,12,2,KLTX
2023,7,16,TFLL
2022,7,27,KOKX
2023,8,31,KTLH
2022,2,8,KMSX
2023,4,18,KLRX
2022,1,26,PHWA
2022,1,17,TOKC
2022,12,14,KAMA
2022,10,5,TMSY
2023,3,23,KAMA
2022,1,23,TBNA
2022,6,13,KMHX
2022,7,4,PHKI
2022,7,12,KABX
2023,4,4,KVWX
2023,4,12,TATL
2022,10,20,PGUA
2023,5,22,KFTG
2022,12,30,TDFW
2022,8,20,KICX
2022,9,30,KDVN
2022,11,6,KMLB
2023,7,1,KBHX
2022,1,10,KMTX
2023,5,21,KRTX
2022,6,30,TEWR
2022,10,21,TDAY
2022,1,19,KSFX
2023,11,6,KDMX
2023,3,15,KTFX
2023,2,14,KTFX
2023,1,11,KMSX
2023,11,1,KGRK
2023,10,14,TMCO
2022,5,9,TDTW
2022,9,9,KYUX
2023,1,27,TMDW
2023,5,19,KRAX
2023,7,12,KOAX
2022,4,15,KTFX
2022,5,2,KLZK
2022,5,2,KJKL
2023,12,24,KGLD
2023,12,10,TMCO
2022,1,27,KSHV
2022,2,6,KEYX
2023,9,23,TRDU
2022,4,20,TPHX
2022,10,20,KLTX
2022,9,1,KVBX
2023,5,6,TDTW
2023,5,31,RKSG
2023,5,16,KDOX
2022,5,12,TPIT
2023,5,22,KEMX
2022,9,16,TDEN
2023,4,14,KMSX
2023,7,6,KTWX
2023,1,18,KCRI
2023,7,28,TPBI
2023,4,26,KVWX
2022,12,31,TATL
2023,10,9,TLVE
2022,11,30,KEMX
2023,3,22,KJGX
2023,8,13,KARX
2023,2,15,TSLC
2023,11,30,PHKI
2023,8,7,KFFC
2022,6,25,KGSP
2022,9,14,KTBW
2022,12,15,KTLX
2022,9,27,RKJK
2023,11,28,KHDX
2023,7,14,KMQT
2022,1,25,TIAD
2023,1,14,KTLH
2022,12,8,KNQA
2023,9,19,KOTX
2023,6,25,TICH
2022,10,29,KPAH
2023,9,14,KCBX
2022,1,15,LPLA
2022,2,4,THOU
2022,9,10,KMSX
2023,12,25,TORD
2023,11,27,KAMA
2022,11,22,KYUX
2023,4,10,KJAX
2022,10,15,KHPX
2022,1,3,KUEX
2022,5,9,KLCH
2022,5,5,TPIT
2022,11,9,KICX
2023,10,12,KOHX
2023,10,14,KTLX
2023,4,17,KRTX
2022,7,1,KBLX
2022,5,17,TDCA
2023,9,6,TMDW
2022,8,26,KFFC
2023,10,10,RKJK
2022,2,16,KHPX
2023,12,18,PGUA
2023,11,28,KGJX
2022,1,13,KGGW
2022,5,18,KUDX
2023,5,14,KAMA
2023,7,14,KJKL
2022,6,11,KLVX
2022,3,5,TLAS
2022,6,29,KSRX
2022,3,25,KCBW
2023,1,16,TRDU
2022,5,10,KGRB
2023,2,31,TJUA
2023,3,11,TLAS
2022,6,6,TORD
2022,4,27,KTYX
2023,4,27,PAHG
2023,3,31,PAIH
2023,3,16,KOUN
2022,7,26,KGWX
2022,5,23,KPDT
2023,4,7,TJUA
2022,11,19,TPIT
2022,6,1,KLRX
2023,2,20,KCLX
2022,12,24,KLRX
2023,11,13,KSJT
2023,11,10,KCXX
2023,5,13,KSRX
2022,11,17,KMAF
2022,7,5,KDDC
2022,3,1,KBBX
2023,4,14,TOKC
2023,6,20,KDTX
2023,8,13,KGRK
2022,4,24,TRDU
2022,10,18,KMTX
2023,10,7,TJBQ
2022,8,31,TIAH
2022,10,15,KJAX
2023,6,10,KLBB
2022,10,23,KFSD
2022,11,14,KJGX
2022,7,14,KLZK
2023,6,13,KHGX
2023,6,22,KSRX
2022,5,5,KLSX
2023,4,30,TBNA
2022,7,19,KILX
2023,6,11,KINX
2023,9,29,KEWX
2023,6,13,TLVE
2023,12,27,TPHL
2023,10,26,KDIX
2022,12,12,TTPA
2023,9,28,KBIS
2023,4,23,KDGX
2023,5,22,KIWX
2023,9,16,TSTL
2023,9,11,TTUL
2023,4,26,KDDC
2022,9,20,KMAX
2023,11,3,KJGX
2023,11,10,KLVX
2023,6,3,PABC
2022,9,2,TJFK
2022,6,22,KABR
2022,12,20,TMDW
2022,2,5,KICT
2022,11,27,KCLX
2022,11,29,KCYS
2022,5,25,KTBW
2022,8,23,PAKC
2023,1,28,KUDX
2023,1,7,KILX
2022,2,14,KICX
2022,3,14,KVAX
2023,12,5,KNQA
2023,6,1,KCLX
2023,12,23,TBWI
2022,9,12,KLGX
2023,12,14,TSDF
2023,7,16,TDCA
2023,2,10,KMRX
2022,1,11,KPOE
2022,11,9,KCYS
2022,10,14,KMTX
2022,4,11,KMPX
2022,12,9,TRDU
2022,7,26,KPAH
2022,7,22,TMSP
2023,4,15,KDIX
2022,7,14,KCXX
2022,11,30,KCYS
2023,4,16,TSJU
2022,7,29,KARX
2023,3,27,TADW
2022,2,30,KMUX
2022,12,12,TDCA
2023,9,1,KDLH
2022,8,27,KLGX
2022,2,27,PAPD
2023,7,6,KBHX
2022,2,22,KFSD
2023,12,20,PABC
2023,2,19,KHDX
2023,7,14,KGLD
2022,12,11,TPIT
2022,12,20,PHWA
2022,11,18,TSDF
2022,1,18,KBHX
2023,2,3,KOHX
2022,10,7,KCBX
2023,7,26,KYUX
2023,2,29,KOTX
2022,2,4,KFSX
2023,5,14,KOHX
2023,1,9,KLZK
2022,6,14,TDTW
2023,8,24,TDCA
2022,2,27,KLZK
2023,8,1,KFWS
2023,6,5,RKJK
2022,8,8,KRLX
2023,3,13,KARX
2022,7,17,KSHV
2023,2,30,KMUX
2023,6,2,KTLX
2023,10,4,KMQT
2023,7,31,KILN
2023,8,23,KDAX
2022,5,7,KDIX
2023,2,3,KGRK
2023,3,4,KILN
2023,6,27,KDAX
2023,10,19,KBRO
2022,5,8,KABR
2023,12,6,KFSX
2022,10,22,KMSX
2023,3,16,KJAX
2022,10,27,TORD
2022,4,3,KBGM
2023,6,12,KBIS
2022,6,26,KIND
2023,3,29,KMOB
2022,2,26,KSHV
2023,5,26,KICX
2022,8,29,KDVN
2022,5,21,TTPA
2022,4,7,KDLH
2022,6,29,KYUX
2023,12,28,PHKM
2022,8,22,KRLX
2022,4,20,TDTW
2023,11,20,TOKC
2023,1,6,KENX
2022,10,17,KIND
2022,7,27,KTBW
2022,11,13,RKJK
2023,3,7,KRIW
2023,1,25,KLWX
2022,5,20,KEYX
2022,9,20,TPHX
2022,4,3,KFFC
2023,7,6,KEVX
2023,3,4,KFSX
2022,8,11,KFFC
2022,3,13,KPBZ
2023,12,19,KGGW
2023,12,26,KEVX
2023,10,29,KAMA
2022,1,23,TMDW
2023,2,22,TCLT
2023,10,10,KHNX
2022,8,15,TSLC
2023,11,27,KCLX
2023,5,27,KVAX
2022,4,10,KGRB
2023,12,3,KCBX
2022,6,17,KATX
2022,1,15,TCMH
2022,11,27,KLIX
2023,5,27,KMLB
2022,12,23,KBHX
2023,6,7,KHNX
2022,2,22,TMKE
2022,8,4,KLOT
2023,9,25,KABR
2023,3,8,KCBW
2022,11,24,RKJK
2022,9,24,KRGX
2023,10,21,TPBI
2023,7,1,TIAH
2022,11,28,KMSX
2022,8,24,KOTX
2023,10,10,PAHG
2022,5,6,KESX
2023,12,23,KGGW
2022,3,22,KPOE
2022,10,21,KIND
2023,11,25,KCXX
2023,8,16,KNKX
2023,4,8,THOU
2022,7,1,KEVX
2022,7,18,TDAL
2022,6,28,KRGX
2022,6,4,KFSX
2022,11,22,KSGF
2023,4,30,KPDT
2022,4,11,KOTX
2022,7,18,KHTX
2022,7,5,KVWX
2023,2,5,KSHV
2023,3,2,KMBX
2022,8,13,KTLH
2023,5,24,PHMO
2022,11,16,TDTW
2022,11,28,LPLA
2023,1,13,KMOB
2023,3,10,KLVX
2023,1,5,PAEC
2022,4,15,KNKX
2022,3,21,KFWS
2023,6,26,KUEX
2022,5,22,KBIS
2022,9,31,TICH
2022,3,29,KAMA
2022,5,28,TBNA
2023,3,28,TJBQ
2022,2,18,TBWI
2023,2,13,TMDW
2023,2,28,TLVE
2023,12,20,KCRP
2022,10,12,TLAS
2022,10,10,KICX
2022,3,28,TORD
2022,10,9,KSOX
2023,3,28,TDAL
2022,11,29,PAKC
2022,9,29,KSJT
2023,4,7,KAMA
2022,11,15,KUDX
2023,5,27,KTYX
2023,9,15,LPLA
2022,2,17,TMIA
2022,12,2,KDDC
2022,12,22,KCRP
2022,8,6,TCLT
2022,6,15,TMCO
2022,2,14,KCBX
2022,8,7,PHKI
2023,12,22,TPBI
2023,3,25,KOKX
2022,6,12,KTLH
2022,12,6,KGLD
2022,8,5,TBNA
2023,4,28,TIDS
2022,1,28,KPAH
2022,8,22,TDTW
2023,4,9,KCAE
2023,10,14,KCBX
2023,3,23,KFDX
2022,1,30,TPHL
2023,10,11,KTBW
2023,3,16,TMSY
2023,8,28,TCLT
2023,9,21,KRGX
2023,2,2,KBLX
2022,9,1,KDTX
2022,3,28,KYUX
2022,4,28,KPUX
2023,2,19,KRIW
2023,6,10,LPLA
2023,9,8,KMHX
2022,8,5,TJRV
2023,11,1,KSRX
2023,2,26,KSJT
2023,6,4,KABX
2022,9,19,KTWX
2022,2,25,KPAH
2023,4,5,KTYX
2022,6,7,KPAH
2022,6,14,KRIW
2022,5,25,KBLX
2022,10,11,KPUX
2022,4,8,TCVG
2023,3,12,KSGF
2022,11,8,KTYX
2022,3,29,TBNA
2023,2,23,KCBW
2022,7,27,KTLX
2022,5,30,TSLC
2022,11,9,KDYX
2023,11,1,KMBX
2023,2,23,KBBX
2022,12,25,TIAH
2023,11,24,KARX
2022,9,3,RKSG
2022,3,28,KLVX
2022,4,16,KVTX
2022,6,16,KEAX
2023,10,25,KFCX
2023,11,22,KDTX
2023,11,3,KBRO
2023,2,26,TCVG
2023,2,14,KPBZ
2022,8,23,KVTX
2023,9,5,TTUL
2022,11,21,KJAX
2023,12,28,KIWX
2022,5,4,KRIW
2022,9,11,KLGX
2023,12,1,TLAS
2023,10,29,KEWX
2022,7,4,TMSP
2023,5,31,KLTX
2022,3,8,KHPX
2022,5,28,KHPX
2023,3,26,TTUL
2023,8,6,TCVG
2022,7,2,KPUX
2023,8,17,PHWA
2023,11,8,KIWA
2022,3,1,KVTX
2023,11,10,TJBQ
2022,8,30,KGGW
2022,12,15,TCLT
2022,2,25,KPUX
2022,7,7,KMTX
2023,6,15,KCAE
2023,8,4,KRIW
2023,8,17,KIWX
2022,3,14,KHPX
2022,6,4,KBIS
2023,12,1,TDAL
2023,6,1,KEYX
2022,7,2,TSTL
2023,4,27,KBLX
2023,5,31,TDAL
2023,11,7,KMKX
2022,5,1,KLNX
2023,5,25,PHMO
2023,3,26,KTFX
2022,3,22,KBGM
2022,11,27,PAPD
2022,4,3,KRGX
2022,6,19,KHNX
2023,2,25,KEPZ
2022,8,4,KBHX
2023,1,25,KRIW
2022,2,28,KEYX